No,Eccentricity,Aspect Ratio,Elongation,Solidity,Stochastic Convexity,Isoperimetric Factor,Maximal Indentation Depth,Lobedness,Average Intensity,Average Contrast,Smoothness,Third moment,Uniformity,Entropy,Class
0,0.7278789638633837,0.07743460447525999,0.3416074403694877,0.9914174749466738,1.0,0.9740840868835648,0.0234023519951754,0.0005476534095639866,0.25064247128546696,0.4556461664470639,0.22038884100206602,0.17566306318404618,0.09359288779889637,0.4340409820934096,1
1,0.7426880676072133,0.08013972055888224,0.3808338781449691,0.9875638910129998,0.99825,0.9306772629812622,0.026345863905920197,0.0006940689961422109,0.12671107148476424,0.3221965029735408,0.11109058818700487,0.09091519505808096,0.025494243477076097,0.2571866346686358,1
2,0.7682109921799121,0.08259796197079525,0.4112238226796297,0.9835694450034212,1.0,0.9416891954880208,0.03747763594331089,0.001404485026782493,0.0623957623118477,0.2045689256080624,0.045001299785193384,0.030909823406969718,0.01290483002929355,0.1637363854532029,1
3,0.7389232109421153,0.07667296984977412,0.3730307695552228,0.98166780697871,1.0,0.95200195767689,0.034560257312292696,0.0011943604118675585,0.08365238369958566,0.2332217513621309,0.05843150132030811,0.038756462767743236,0.022573744805504455,0.2170389514491416,1
4,0.8240730542399696,0.09300871940329866,0.4688402893477023,0.9829959351229526,1.0,0.8797077468071222,0.037330384963312896,0.0013935222447337015,0.041631614831908526,0.16145792528756098,0.02806715100767557,0.018796078694688783,0.008005994958784658,0.12632084179435113,1
5,0.7309128776121196,0.07822250236369367,0.3615159120146783,0.9936310218537452,1.0,0.9844551132655917,0.024852246456930342,0.000617607060586717,0.05500078669953322,0.20842562586802466,0.04670743887589104,0.03776270731216008,0.008446760678520335,0.12578179804319736,1
6,0.8216899800742958,0.09207374724235738,0.4687981103823524,0.9856723145651388,0.99649,0.8945884217395358,0.029791436325258817,0.0008874857761372151,0.0963706928200556,0.28698052063672946,0.08828004214040415,0.07625394480628482,0.014134137202806731,0.19901790659036367,1
7,0.7808272671746552,0.08517176173967854,0.4135858447392285,0.9911860586791164,0.99825,0.9417358068425468,0.025624183335008544,0.000656573506147484,0.1304610059264698,0.3193832128485453,0.1091737470754833,0.08280400188007789,0.04998978132025343,0.247277090640576,1
8,0.8319632325700154,0.09559302447736108,0.4818208659341587,0.9884493097758282,1.0,0.8985037755197166,0.030181425268871243,0.0009108822958008383,0.03799601405569833,0.1446387236921762,0.022532802473696455,0.01303028268313973,0.011193882417058385,0.12440834410190142,1
9,0.9074806500385498,0.12556991280596702,0.6151380306641078,0.9828450114701978,0.99825,0.7739698890649761,0.04222484671826314,0.0017829091615553273,0.0367629936539571,0.1508030340799829,0.02449205762837089,0.015406231115289062,0.009622930717351316,0.10368100424589256,1
10,0.7468634538554736,0.07840634520432818,0.3597443954699791,0.9890127580794464,1.0,0.9682110562132936,0.027975173384259727,0.0007825899919513753,0.03025069491792101,0.13002029842242085,0.018214779241746363,0.010364600819176796,0.010845084815041895,0.09239800627653684,1
11,0.7970882438345466,0.08894841895157055,0.4575046924098952,0.9878556767416592,1.0,0.8970937820453062,0.03919589908533521,0.001536315950154034,0.07173126343945037,0.2059470816566362,0.04560741014379729,0.027411535620761433,0.04719326929627359,0.18368469632637996,1
12,0.93481591252716,0.1448786637251812,0.6775734441234157,0.9895158369219624,1.0,0.6974340449333457,0.02780983013368178,0.0007733757042546696,0.15582944354119682,0.3201061215768669,0.10966492905909236,0.06932115759081449,0.08135090946249744,0.3378216725124608,2
13,0.9130378187862342,0.13128479882340582,0.6360904317017104,0.9890530043868476,1.0,0.7564556726018459,0.030904613528997888,0.0009550525935999556,0.09905596056013008,0.2581318329119333,0.07151144495067657,0.04997985630833278,0.028363989372573062,0.2503636699280045,2
14,0.8917803967117581,0.12042756592078999,0.5975388573718287,0.9933996055861876,1.0,0.7740631117740282,0.014255201527791741,0.00020320002220310291,0.15352179157707035,0.3252305829564474,0.1131729808863167,0.0751460417645874,0.06868996525648885,0.3218645006461141,2
15,0.8686705850547206,0.10552579052421472,0.5426745681928422,0.9929870809353244,1.0,0.818926540505267,0.027359031058397824,0.0007484804751464018,0.15916504956207062,0.32784801111071543,0.11498857557224752,0.07567649231182436,0.06762722256284487,0.349067749676943,2
16,0.9197064212834558,0.13261371992856394,0.6500622139738913,0.9847265263412084,1.0,0.7345599888132749,0.025376419740677454,0.0006439454913824206,0.12109928148109295,0.29211566539653144,0.09144878162240556,0.06354998992815418,0.042414333401457865,0.2647701679896622,2
17,0.8890969350462097,0.1157579577686732,0.5928042685112934,0.984374371151447,0.99825,0.7476228209191759,0.0297728414916072,0.0008863756209930338,0.17161588084124405,0.3310743919376091,0.1172419926391112,0.07117101994225475,0.09445125689760883,0.3721617131253461,2
18,0.8523094792282044,0.10267885282067443,0.515848746230255,0.992292832132652,1.0,0.8188100121189522,0.01996833852648508,0.0003987260969720519,0.10624639429380606,0.2522737794238097,0.0683180779597477,0.041207278587255765,0.050851556645548066,0.2738563780690419,2
19,0.8919906679616705,0.12070070385544697,0.609644220427273,0.9798869078762024,1.0,0.7527500699170317,0.0767464066740376,0.0058897893480613925,0.1492683694341008,0.3079555571382785,0.10155837403713283,0.06322433357953401,0.08292458614347026,0.3371127930588887,2
20,0.9318220504450744,0.15218510347725597,0.6941392327646203,0.9878657383185094,1.0,0.6752819986948821,0.03261332797266057,0.001063598012822292,0.12380552787538678,0.25724511235354863,0.07102299935694836,0.0376586315718794,0.08705633898766946,0.3341812811519291,2
21,0.8422164592324097,0.09769933816577372,0.4908471645190543,0.9964885096792372,1.0,0.8853360678661322,0.02349934666800683,0.0005522050456551302,0.3293543819164001,0.471279512837862,0.2355073950936529,0.1494930504263748,0.22318618434498266,0.6103009045597194,2
22,0.7036376926234843,0.06355184368105893,0.3829533711538056,0.9267718436833422,0.98772,0.7056376433299152,0.11858980802090666,0.014062890288917877,0.4683537001101379,0.7153591396317796,0.5306680895894047,0.5336399650842678,0.13791811431296408,0.5675096917112793,3
23,0.6639264651400306,0.06337325349301398,0.34332623320749944,0.955366845091963,0.99649,0.8850797054162394,0.06728314403457633,0.004526796369792678,0.11441233544868094,0.3459385349524589,0.12790570400470658,0.1352447458537568,0.012365624361332516,0.1971940188296105,3
24,0.6136816493276326,0.05773190461182898,0.3492101988738216,0.9297400088541878,0.98421,0.7185256828563438,0.12837973665695046,0.0164816408093031,0.28681491582314994,0.5719169545244115,0.3440326177673795,0.39186194856644063,0.04128687240275223,0.4089348347793982,3
25,0.7075927947051697,0.06571068389536715,0.4018706371132717,0.9480621402986276,0.99825,0.8069590752307262,0.0976580560860388,0.009536787766090312,0.16566318770650862,0.4096007976923899,0.1786315314205968,0.17831195863828642,0.029413447782546495,0.26674173896990955,3
26,0.6697539826376026,0.0600640823615926,0.4055507518400574,0.9091137763110236,0.99649,0.705824088748019,0.14237109257211786,0.020268657544891898,0.301599622384224,0.5673231010291655,0.3386556116515481,0.34593433156516484,0.06312759724776891,0.4196049473878531,3
27,0.5020376285408177,0.052873200966488065,0.3120505304004893,0.9214895158369222,0.99825,0.7461196047357135,0.1094682882701779,0.011982320779328913,0.2865421933182986,0.5690680531320109,0.3406668582139583,0.3728597327603572,0.05505143402139109,0.38807458002584455,3
28,0.6088153718296604,0.05591973946843155,0.3633717864900775,0.9104419044552664,0.99649,0.7867647058823528,0.16039300432204245,0.02572507007854348,0.3275292389993182,0.5844165093835689,0.35880912312386265,0.3559390317598872,0.07822058723346277,0.4543843455787336,3
29,0.5667210701805329,0.05476940855131841,0.3724191745576481,0.8963456352879624,0.99825,0.7232683881793605,0.16570007035883005,0.027455524409536237,0.13818639534273874,0.37708771055161855,0.1517054549932274,0.15613039683072585,0.017728046869677768,0.2313863762230017,3
30,0.6869361476304433,0.061098854921735474,0.3957230529135121,0.9220328409868396,0.99825,0.7124079425748112,0.15247261031259424,0.02324803641308873,0.30629359626579955,0.6003347459136071,0.3780733078849074,0.4326193513731284,0.05288166768853464,0.3992985047074026,3
31,0.596479458501467,0.056938754070805765,0.34367420967163675,0.9262285185334248,0.99825,0.7655681924116715,0.12439943712935975,0.015474175015958476,0.22054334714428067,0.5242690787365123,0.2902351927102573,0.3653058483851474,0.022031473533619454,0.3072586302381392,3
32,0.3948293298354878,0.058782435129740525,0.1821287723812135,0.9740210085724637,0.99298,0.8555164538081477,0.0628153583274701,0.003945491382420693,0.3831908533067604,0.4885153662618853,0.2527056054946709,0.13629557510239712,0.3098882757681041,0.6975447664759092,4
33,0.6209109751579538,0.06984977413593865,0.299048864331358,0.9754899987926109,0.99825,0.9074181970728068,0.0435028646095085,0.001892398212650218,0.24765301305921225,0.4223496314233823,0.1897960021343841,0.12606257973544618,0.15051434021391102,0.44393575779952005,4
34,0.7352384576103174,0.07915222187204538,0.430510154585908,0.9510001207389224,1.0,0.7289782791087909,0.0753191275505076,0.005672754017373928,0.1998898620653485,0.328293151953278,0.11529641943384092,0.05966897200026858,0.16138020301110428,0.4928927450618423,4
35,0.6424387459823172,0.06830549427460868,0.332749857645992,0.9389865979796356,0.97895,0.7631094434604269,0.0902754045632727,0.008149787682828674,0.1620443698536739,0.2927602293365621,0.0918496627399472,0.0492781843819244,0.10177123782273996,0.4563042274321581,4
36,0.6413873897327553,0.06915642399411702,0.30174831811375663,0.9765062180544936,0.99649,0.8994010440943414,0.04605085938285255,0.0021205350947794952,0.10705931714480517,0.233520886008333,0.05858200276375378,0.030131269724031424,0.06959942775393417,0.31832379545874107,4
37,0.7433789588569254,0.08156844206324193,0.4091781428601557,0.9618163158530204,0.99474,0.7945837606040832,0.06485073876771534,0.0042055452249451855,0.10845439765039072,0.2287739040632456,0.05623418024600145,0.026692070100047004,0.09132774712173854,0.3237474616946649,4
38,0.3933974827527511,0.059281437125748515,0.17967184764957714,0.9699863162554836,1.0,0.9253169572107764,0.059106442858578766,0.003493658238738864,0.13326165626475062,0.27851928350129984,0.08318351598735788,0.05136305646948231,0.0536889433885142,0.3812442311242385,4
39,0.5308548026954772,0.06567391532724025,0.2452074150621085,0.9793637058799856,1.0,0.9637247133401696,0.03330133681777064,0.0011089478504621019,0.2545812136151466,0.38962287667818096,0.16183009755229924,0.09336265359564896,0.16635670004768716,0.5705002769060366,4
40,0.8795746513001772,0.09505200126063662,0.6659109602041462,0.8443977140097396,0.8368399999999999,0.4391721823436189,0.2189315509096392,0.0479295606561017,0.2384643625111449,0.4470638510024572,0.2122754450054044,0.17319881823675554,0.07780502759043531,0.41993723463171495,5
41,0.8818876350492135,0.09118604895472213,0.6152329333361453,0.8389644625105647,0.91754,0.4841870979770673,0.2039501457432908,0.04159335017068636,0.1876855299732522,0.3577864036181048,0.1367264567855628,0.0926274088497952,0.08788745827372438,0.4043566549750784,5
42,0.8665678725555968,0.09876562664145394,0.6541852078368517,0.8295065802712601,0.85439,0.3854409434138156,0.2362046436827822,0.05579084677083623,0.2072586143598888,0.4120223638759303,0.18073855162883606,0.1423688981400658,0.0684106546767491,0.3742292781982648,5
43,0.9379199166925334,0.12685681269040866,0.7695552228103845,0.8229665553185497,0.8649100000000001,0.3896592709984152,0.40475927228867226,0.16381726846326775,0.2555304977185713,0.4291513834977386,0.19584342377101888,0.13423420398845098,0.12676612848286667,0.4830348901606055,5
44,0.9279570646133511,0.11671394053997268,0.6915241369129216,0.8293959029259067,0.89474,0.4150508063764333,0.1910342748014876,0.03649357497710305,0.31458016468243555,0.5306434956020085,0.29721298690637443,0.2526388236084067,0.09673002248109544,0.4995384899390808,5
45,0.9106146929539104,0.1110358230906608,0.7334394837294641,0.8137099046162516,0.8526299999999999,0.3616924582828377,0.2375464870841291,0.0564277982848103,0.2068809985839408,0.37452369929845797,0.14966684453200893,0.09706909286241858,0.10002724981265754,0.4283551781428835,5
46,0.8960859508766308,0.10764786217039604,0.6846173313368623,0.8218497202881636,0.83509,0.4115549547869861,0.2510553824504975,0.0630262829230385,0.21926889390045626,0.4286172144866636,0.19537823749127775,0.16117303431142144,0.05823284964915866,0.404725863023814,5
47,0.9373391675261086,0.12552789158525055,0.708342999346226,0.8495391797802553,0.90526,0.4312365992355737,0.1973916976580561,0.038962282478976436,0.2540882152409923,0.425732701826858,0.1927923490538932,0.12719734103269992,0.14462497445330064,0.4649436957725679,5
48,0.8828588879654755,0.09318205693875407,0.6745892823249046,0.8551334165090354,0.8736799999999999,0.4003216183462292,0.2602070559855262,0.0677055868557631,0.32008181675145536,0.5409351518820555,0.308582686861224,0.2713120257839253,0.08528850739151167,0.5096917112793059,5
49,0.8633537263069359,0.0915747452463494,0.6586667229052872,0.8628204612226829,0.8929799999999999,0.3756642118019949,0.2552618353603377,0.06515500541200632,0.3379031835107777,0.5817100530607884,0.35558018306448297,0.3420734573289465,0.08131684719667552,0.4926342994277276,5
50,0.8237426279901072,0.08749343418426304,0.6317249087879875,0.8501328128144243,0.85614,0.3735433951710637,0.24526585586491104,0.06015375648746912,0.41580741595426657,0.6613368469783839,0.4561288292355895,0.4540052373598335,0.09367804346345117,0.5677312165405206,5
51,0.8224109100739955,0.08422628427355815,0.6353206655840733,0.8550428623173826,0.87544,0.3647804605201827,0.2818323449592924,0.07942604979045823,0.3631352598730791,0.5811402727823083,0.3549097675436796,0.3119519237225542,0.10945568499216568,0.5422189403729001,5
52,0.4640786614733006,0.05538396890429667,0.7616572115486008,0.6414657705155553,0.47544,0.23351123333644075,0.7470097497235905,0.5580194832227804,0.05725599202811139,0.19049891385634415,0.03904007442980476,0.029390653327066408,0.010080386947339736,0.19641498984677866,6
53,0.5084959597881267,0.05538396890429667,0.6569373853259379,0.7407835956051033,0.59649,0.3226321431900811,0.6682078600864408,0.4465043989897588,0.07770493522840509,0.2387521811901286,0.061223987193695366,0.04611898207211442,0.012916411199673005,0.19240908251799888,6
54,0.4778964864675432,0.06363588612249185,0.7206592572284202,0.7683422545981407,0.56667,0.2784562319381001,0.5401045331189065,0.2917210180122672,0.12606073320396494,0.28710872119938746,0.08835939744694825,0.0614785469683744,0.03626950064718305,0.3348790843640392,6
55,0.5281212764466161,0.054727387330601965,0.5447624269776662,0.7767637944218619,0.84211,0.3936795003262795,0.5748316413709921,0.3304238017262913,0.1332144542927571,0.2921797656778605,0.0914884592756776,0.060370643926676966,0.04154233939641665,0.34853239800627656,6
56,0.5102982847873757,0.0633837587981931,0.7446485437712214,0.7261943091721336,0.56491,0.24481448680898665,0.5660870439240125,0.3204601593072632,0.11108721875491688,0.2859798440226487,0.08766982719697902,0.06823004095883972,0.022422508345255127,0.2705335056304227,6
57,0.6404762143164683,0.06472843786111986,0.6396756437564587,0.7751136958184087,0.62105,0.2812412603710264,0.6250879485375415,0.3907052260553413,0.13341375150784074,0.3426338093372743,0.12549494451969515,0.11484590075874572,0.017564547993732544,0.2776223001661436,6
58,0.7193980234502507,0.06456035297825402,0.7307505746884029,0.7603936088863847,0.66667,0.3030204157732824,0.4966479043119912,0.2466487191585024,0.11127602664289084,0.2606780385313913,0.07292342212918497,0.0456993218290472,0.042414333401457865,0.294856931881115,6
59,0.4787676102171802,0.05794726336800084,0.5588502014045595,0.8215679961363546,0.8193,0.3933182623287033,0.580309578852146,0.3367655629874275,0.035973147322599264,0.1498201630996047,0.02417326820725417,0.015968575840999127,0.004906328768989714,0.11383422558611778,6
60,0.8499564438125182,0.08935287320096649,0.5639327667292322,0.8196663581116433,0.97018,0.4343712128274447,0.17802794250678464,0.0316921539785185,0.20373420045104104,0.4244863074676828,0.1916704292027528,0.19278855838313305,0.03697799577627904,0.4529813549935389,7
61,0.8386318350672367,0.08211997058514549,0.5623405107872703,0.7716927596892985,0.95088,0.3242402349212268,0.1989747713338024,0.0395881324415087,0.12142445062149265,0.3128022506321,0.1047544774179425,0.0946317061706842,0.019180121261666325,0.2982831825733801,7
62,0.8442390683982337,0.0952516020590398,0.575858869181939,0.8492574556284462,0.96667,0.5760813834250023,0.1935320132676651,0.03745385917681996,0.28663659726228563,0.513193974573555,0.2783592606274542,0.2774927818438192,0.05543633762517882,0.5519660328595164,7
63,0.8270869421553806,0.0873883811324719,0.5192652424236034,0.8916569404757114,0.99298,0.6657965880488488,0.11132777163534023,0.012392939413283005,0.1806471914826664,0.3603860261386703,0.13870760305928387,0.10309541395286376,0.05624701955174058,0.4078641314380654,7
64,0.8659771104725096,0.09447420947578528,0.5863508868127465,0.8828530607316779,0.97018,0.61374335788198,0.14853251583073676,0.022061558102744856,0.14623695389940733,0.3307075958833374,0.1169861401852536,0.106012891962667,0.04118468560528647,0.36776813734539415,7
65,0.8467222717305323,0.09149070280491647,0.5253179239513255,0.9331911297138488,1.0,0.7259834995804979,0.07391697658056087,0.005463906080874803,0.13126343945035926,0.27658203055446745,0.08203560043234959,0.07067078493251862,0.10088902513795216,0.4393206571903268,7
66,0.8727558550530183,0.10851454984767307,0.5835354408756352,0.9545216726365356,1.0,0.7018621236133122,0.1591667504271786,0.025332352696289303,0.260691246656527,0.4786154339232933,0.24274514632844885,0.2246726650104076,0.05495265345050752,0.5174820011076241,7
67,0.8669884150554216,0.10504779913856498,0.5559714870194234,0.978136193504246,0.99474,0.7840379416425841,0.04671625288973767,0.002182287474674586,0.11114491005402002,0.2633310779530643,0.07440654544459495,0.049261397972201706,0.05275563730499353,0.28872438619161894,7
68,0.8247939842396691,0.08625380817312743,0.5004323343948374,0.8630518774902404,0.98421,0.587000093222709,0.1007588702382149,0.01015195248535983,0.09806471914826664,0.269103664399416,0.07768610871676998,0.07895319948969315,0.02994413788405205,0.28273952372161715,7
69,0.8439386808983589,0.0975522638932661,0.5475989623974524,0.9190143679317424,0.97544,0.7052997110096021,0.14440647301236306,0.020852876689517363,0.20078145486967008,0.4116662512018803,0.18041018484313648,0.16406029678372389,0.042775393419170235,0.4129592025106147,7
70,0.9862923170890451,0.31828973631684,0.8816669127106314,0.9822916247434298,0.98772,0.36760044746900333,0.1166951452407277,0.013617856845494158,0.19316095872449784,0.379651721804779,0.1537577474038501,0.1104814342308467,0.07563866748416104,0.3760383976370685,8
71,0.9861421233391074,0.3163620128164723,0.8818356285720311,0.9711635207469717,1.0,0.34386361517665703,0.1239672328877274,0.015367322583331022,0.1589133057114386,0.3457676008689149,0.1277811982651288,0.09344322836231787,0.062473601743988014,0.3139191434373269,8
72,0.9898068508375804,0.3481458136358861,0.8955437923107745,0.9745743952992316,0.97719,0.3229817283490258,0.14590411096592626,0.02128722488967833,0.17161588084124405,0.3661906627256864,0.14314055466622885,0.11208957228228028,0.04467606785203352,0.35069226509137896,8
73,0.9845300437564458,0.30627166719193194,0.8739270725689099,0.9708314887109109,1.0,0.35863941456138715,0.07373605387476129,0.0054367072798423574,0.10110662401006976,0.2603824650119297,0.07275787054139474,0.0492076814610891,0.033340827031814166,0.2451652206018091,8
74,0.9871934795886694,0.31657211892005466,0.8845350823544298,0.9661830402060612,0.96842,0.3302997110096019,0.12566087043924012,0.015790569232050182,0.11132322861488436,0.28798475837755066,0.08889436166865054,0.06570200765460284,0.031216704135159076,0.2393908067195865,8
75,0.9882248100049064,0.33041285849353924,0.8870658202754287,0.9768281885137041,1.0,0.3412883378390976,0.11670017087144438,0.013618828231245316,0.13562175486442546,0.3198639649585129,0.10949937747130213,0.08366010877593501,0.03334116765447237,0.2995015691342072,8
76,0.9884450941714812,0.3423311272192457,0.8934137545606007,0.9744234716464766,1.0,0.3367553836114477,0.11084531108654136,0.012286642058227637,0.2209262075837835,0.4217086286100923,0.1892076783100056,0.14710938024575307,0.06885687035901628,0.4053904375115377,8
77,0.9848804958396332,0.3084305074062402,0.8736001855874476,0.9607598502837366,0.98421,0.3744523165843199,0.20184943210372905,0.04074130609752713,0.20581633188230972,0.4138741497809907,0.18233933970912172,0.14729067347075808,0.06630220042237209,0.3694295735647037,8
78,0.9877041383384564,0.32184578211997056,0.8935297467153132,0.9586066728377672,0.89649,0.3493754078493521,0.0976027741481556,0.009525547445255474,0.15202181780038812,0.3405932837149674,0.12402003037392767,0.0924125428053448,0.04913481844812317,0.3047037105408898,8
79,0.9872735829219692,0.3244195818888539,0.8851466773520047,0.9843944943051476,0.99298,0.3683112706255243,0.059146647904312004,0.003498098859315589,0.2677295851471128,0.4816067803853139,0.24574149324795802,0.2020277982945008,0.1065467674909735,0.4304965848255492,8
80,0.989516476254368,0.3751444479462129,0.9075753421768564,0.9727834346198736,0.99474,0.31405565395730395,0.10904110965926224,0.011889761594182787,0.12776524885928567,0.3102026281115345,0.10303465637784072,0.07740213523131673,0.03335853941004156,0.27306627284474805,8
81,0.4788276877171552,0.06334173757747663,0.3688128730202249,0.9093451925785808,0.99649,0.5977673161182063,0.15160317619861294,0.02298159917848519,0.4327319452457125,0.6177486556746555,0.3996907879434662,0.3123917276572886,0.23118400435997,0.5891083625623038,9
82,0.5401067376916222,0.06712890009454775,0.3404475188223633,0.9235823238217894,0.97368,0.7404796308380721,0.17531410191979094,0.030733257472731805,0.3197514029475009,0.5385848082333251,0.30595575257562696,0.2564594104612905,0.14971387696709584,0.4630238139191434,9
83,0.5490382593545674,0.06688202542283854,0.32786764240673183,0.939841832011913,0.99825,0.6957560361704109,0.09029048145542264,0.008151869223724016,0.22911312739287776,0.4453188988996118,0.21066097497571454,0.1713455986033707,0.14456366237482118,0.3493335794720325,9
84,0.5901412822541078,0.06950309906502783,0.4233186409937364,0.8955708938704874,0.98421,0.5124568844970635,0.24076289074278825,0.057963975465571325,0.6025069491792101,0.6841280581175884,0.4869679431925461,0.3083260592224535,0.5253763880373323,0.7754845855639654,9
85,0.6488670384796388,0.07311692404664355,0.4361515912014679,0.9030466454702784,0.96316,0.5930362636338211,0.13437028847120314,0.01805389803225001,0.3056799706298841,0.5353441828994694,0.30235739988233523,0.2627711005170214,0.1240752094829348,0.4371423297027876,9
86,0.5409878743579216,0.06701859439016704,0.3900710715566147,0.8937799331911299,0.97719,0.6325510394332059,0.14141119710523672,0.019996669534567458,0.2703833849058583,0.507674228125779,0.2725033862824775,0.2501208621500033,0.069330335853941,0.42189403729001296,9
87,0.4314565789868931,0.06736526946107785,0.4088090769133434,0.8586650299834991,0.96667,0.5384077561293931,0.26335812644486883,0.06935555493880269,0.3550007866995332,0.5768313094263025,0.3497927184665271,0.3056536627946015,0.14675727229375296,0.5019752630607347,9
88,0.4665017873056242,0.06405609832965647,0.2857097665394268,0.9501448867066448,1.0,0.7760674000186445,0.06695145240727712,0.0044821126252393775,0.12761315361619552,0.3705352373490973,0.1465336781184583,0.1582454844557846,0.015773213434157638,0.2084068672697065,9
89,0.4873286539636131,0.06389851875196974,0.3974418457515237,0.9071618304020608,0.99474,0.629323203132283,0.16172982209267264,0.02615525519691377,0.5177322074788901,0.6544282611018126,0.4469892870336165,0.3199153964949977,0.32584304107909257,0.7021598670851025,9
90,0.4615754323076769,0.06407710894001471,0.3476284876731974,0.9101601803034572,1.0,0.6563927472732357,0.13599859282339935,0.018495184702062108,0.4833272145591859,0.6498700188739718,0.4409692292957901,0.3382797287316189,0.3098371823693712,0.6334133284105594,9
91,0.7318040271950818,0.08028679483138985,0.4898559588333299,0.8782851048416309,0.97193,0.5669105994220192,0.17232385164338127,0.029695262412922207,0.15199034981905912,0.36291442612442576,0.14065043987467332,0.12038877324917747,0.034235983377614285,0.2830939634484032,9
92,0.5164362027014848,0.0677697237104738,0.34221903536706244,0.9264699963778324,0.99474,0.7226740934091544,0.12000703588300332,0.014401487607893204,0.24912676351812035,0.4354545778284249,0.20156247862195406,0.14143893104142885,0.19396757272293752,0.4146944803396713,9
93,0.5991428943336904,0.07111566341002208,0.3764894447139212,0.94223648730229,0.99825,0.7510021441223083,0.09959794954266762,0.009919791290832895,0.23771962028635865,0.4678252198995762,0.2321279535908276,0.20082253407641176,0.12030792288303015,0.34588148421635595,9
94,0.5518318631034034,0.06734425885071961,0.41844697049581375,0.8891918541473821,0.99649,0.5767222895497343,0.15366368479244144,0.023611612222808137,0.32524781035296585,0.5206723407286065,0.2863632010288826,0.2138085006378836,0.2307616322637782,0.4673804688942219,9
95,0.44999048772917066,0.05974367055362958,0.4055296623573824,0.9129472370909972,0.97368,0.6361867250862311,0.24027037893255604,0.057729455191363,0.5971049457177322,0.6626544638723691,0.457893800708725,0.276623245820184,0.4319776551536209,0.8278382868746539,10
96,0.467873556888386,0.062380502153587564,0.387498154670266,0.9210568680323584,0.97719,0.6758063764332991,0.2579907528394814,0.06655657628153534,0.7218754916872083,0.6670702610305901,0.4638044028513182,0.2069294299335258,1.0,0.94336348532398,10
97,0.5543350922690271,0.065332492908919,0.4166965434337895,0.9165291584497124,0.97193,0.5956115409713806,0.23280229168760685,0.054196386445005684,0.4361147532385797,0.6219507852284463,0.4049857023628727,0.3175115826227086,0.254128346617617,0.5836071626361455,10
98,0.3221655936157643,0.06188675281016912,0.3390239787418015,0.9236829395902926,0.97544,0.6842430316024983,0.23084229570811135,0.053287446920707165,0.4028845649551581,0.5207079519960116,0.2863768829782868,0.16173370039615928,0.4799713876967096,0.618386560827026,10
99,0.6449720138979282,0.07196134047694086,0.4502288208870236,0.9202016340000808,0.96491,0.5216276685000466,0.2784752236405669,0.0775471122089312,0.6309330256464047,0.6819201595384781,0.48397159627303704,0.2830692271536964,0.6177873152122081,0.8173158574856931,10
100,0.5604930360164613,0.07060615610883496,0.3616951726174157,0.9355254155431241,0.97544,0.6744546471520461,0.26919288370690525,0.07246260164858039,0.7817171028478522,0.9096186033260926,0.8380057190548509,0.7993688309944268,0.20335513318345932,0.890899021598671,10
101,0.5017873056242552,0.06565290471688202,0.3174072589999368,0.9505875960880592,0.9807,0.7857509089214132,0.2482661574027541,0.06163442591102105,0.5048093564797819,0.8202699334069301,0.6893239748799408,0.8687638487880212,0.091743306764766,0.5339856008860993,10
102,0.2307076128205385,0.05932345834646496,0.2688487251407723,0.9478106008773696,0.97368,0.70895870233989,0.2046537340436225,0.041880602814243294,0.5746577857030472,0.8393931840034187,0.7201630888368975,0.8117907741892164,0.14426391443558825,0.614657559534798,10
103,0.4615353806410269,0.05970164933291312,0.2415273003353228,0.9615345917012116,0.97544,0.8300783070756036,0.19241129761785106,0.03702089867058922,0.6164053075995174,0.7849079448737579,0.6338710339449165,0.5557644530987712,0.2206076708222631,0.7334687096178697,10
104,0.5498392926875669,0.06707112091606261,0.3298711432608558,0.9446713889000684,0.99123,0.6913629160063391,0.2087596743391296,0.04357914018484083,0.7965595007080295,0.9276735159004308,0.8694878846338026,0.7986973746055195,0.28714490087880645,0.8133653313642238,10
105,0.3220955031991269,0.05844626536400883,0.285287976885927,0.9601360325190164,0.99298,0.8157686212361331,0.2726907226856971,0.07435819155727012,0.5751822520585305,0.7658915280794842,0.6049063470563286,0.5456254616262675,0.20844403569725456,0.6812626915266753,10
106,0.3861381181724424,0.05500052526525895,0.2459877259210832,0.9576206383064356,0.97368,0.7819870420434417,0.255462860589004,0.06526047015070356,0.7113337179419941,0.8811652006694919,0.7893527069736895,0.7386020277982945,0.2957796852646638,0.7294443418866532,10
107,0.36173664026594304,0.05553629582939384,0.2764093046797563,0.9450134825129796,0.96667,0.6910366365246574,0.2493717961604181,0.062183952707390876,1.0,1.0,1.0,0.7998724232861075,0.4258123850398528,0.9822410928558244,10
108,0.5131319402028617,0.058388486185523676,0.6920091950144464,0.5807944621081016,0.5929800000000001,0.1965484291973525,0.5622173082721882,0.31606116954844443,0.08391986154088214,0.21807627933478152,0.05111713116884893,0.029497414892902706,0.03502963417126507,0.24028059811703895,11
109,0.5496390343543172,0.0583622229225759,0.6746841849969419,0.569716665995895,0.6,0.18345063857555702,0.6574027540456326,0.4321695206905165,0.11134945193265852,0.28390014600619634,0.08640835146191629,0.06420130262539449,0.025178486272906867,0.2656414989846779,11
110,0.4348109060688288,0.0575165458556571,0.7257734567771053,0.5272065038032762,0.5421100000000001,0.17940710357042974,0.6915770429188862,0.4782270822347423,0.11090890019405254,0.2606815996581318,0.07292342212918497,0.04498757805680522,0.055780366509980236,0.27873730847332473,11
111,0.3855073044227053,0.055972265994327135,0.6647615833983592,0.5153841510041454,0.59123,0.1597021534445791,0.6177505276912253,0.3815880769337515,0.1750301568154403,0.3522203625227022,0.13254935763247547,0.09357416235815484,0.07298181075005107,0.3697618608085657,11
112,0.267925624055031,0.059439016703435224,0.6340342071408989,0.5463536845494427,0.77368,0.2366808054442062,0.7716353402351996,0.5953762038244845,0.0941154874914774,0.2544425056087746,0.06949335741356429,0.049190895051366416,0.024687649022412973,0.23360900867638915,11
113,0.24496600614793085,0.054995272612669385,0.6380728430731595,0.5687205698877128,0.79474,0.2538920481029179,0.6293094783395317,0.3960478476867142,0.19717312634394504,0.4522630960435882,0.2171872648414946,0.22114416168669848,0.03678043463451189,0.3075872254015137,11
114,0.3914249381702396,0.05709633364849249,0.7188771959423835,0.5127480178693605,0.6614,0.17899925421832755,0.7077093175193487,0.5008603702367406,0.15019667488330626,0.3174210320145294,0.10784659798328064,0.07109715973947492,0.07168063219565365,0.3325899944618793,11
115,0.4047220914980325,0.05759533564450048,0.6948879093995824,0.531583289733167,0.68421,0.2063717721636991,0.6541863503869736,0.4279231772640226,0.15239418891278125,0.34484526904312524,0.1271080463544446,0.0971160948096421,0.04308876626473192,0.304164666789736,11
116,0.5075747714551773,0.05919739468431558,0.7086382521036759,0.5335050509115788,0.75263,0.1956744662999907,0.6536335310081415,0.4272432072382116,0.08013321445429275,0.205092411238916,0.04523115653518313,0.0244567917813738,0.03741058655221745,0.2484364039136053,11
117,0.4762643810515566,0.055972265994327135,0.7294008477972036,0.5265223165774541,0.49649,0.16468956837885707,0.6526786611719771,0.4259804057617052,0.12575129805422985,0.29984687155015843,0.09631681922040253,0.06998254213388841,0.03843586075345732,0.28576333764076056,11
118,0.5244966006147931,0.05839373883811324,0.708342999346226,0.5503783152895723,0.6298199999999999,0.1766220751375035,0.6872047441953966,0.4722044905775582,0.13863743640845438,0.3055161853210355,0.0999657951264896,0.0717551870006043,0.056485455412494036,0.3341812811519291,11
119,0.3650909673478788,0.05678642714570858,0.7144589493219732,0.4934398518935888,0.68772,0.16451477579938473,0.624685898080209,0.3901917793011573,0.1985944301673048,0.4163669384993412,0.1845010877149776,0.1560296783723897,0.060256148238980865,0.3407421081779583,11
120,0.522794404782169,0.058782435129740525,0.7485500980660945,0.5099005916207189,0.64912,0.1645380814766477,0.6629812041411198,0.43953817546002055,0.1336235380500341,0.3061286991204017,0.10036530804909084,0.07316524541731016,0.05058246474555488,0.3057374930773491,11
121,0.3825234552572819,0.05465385019434815,0.7276925997005295,0.4884794945063791,0.63684,0.15340962058357413,0.5956377525379435,0.3547639532624685,0.1468348455446583,0.3322958584096008,0.11810258725663232,0.08927348418720203,0.04247223925335513,0.3138046889422189,11
122,0.2715803386368416,0.05756907238155268,0.7178332665499715,0.4975047289411197,0.53684,0.15251235200894936,0.6440345763393306,0.4147400849268685,0.11508365238369958,0.25954203910117163,0.0722926842616536,0.04495736251930437,0.07513454594999659,0.2968506553442865,11
123,0.4493997256460833,0.05314633890114508,0.6644241516755595,0.5748581317664104,0.81053,0.18862449892793887,0.5585988541561966,0.31203685715078683,0.1432265170189332,0.3165449948363662,0.10725690596396174,0.07632444772712013,0.05976224538456298,0.3175189219124977,11
124,0.8848814971312994,0.1300819413803971,0.64733112596748,0.8633839095263011,0.98246,0.471334016966533,0.2739521559955775,0.07504787544059283,0.34032621807311064,0.5219543463551868,0.287758759868106,0.2262069428590613,0.1267252537638804,0.6077533690234447,12
125,0.9169728950345948,0.136353608572329,0.6645612333129469,0.9556183845132212,1.0,0.5798452503029737,0.12264549200924715,0.015041214509727738,0.35162322337022084,0.5441401659485061,0.31213999370630324,0.25417310145706035,0.10697254581374753,0.5988923758537936,12
126,0.8297303521542791,0.10425464859754176,0.5369065946812325,0.9475993077635128,0.99825,0.6518830987228489,0.12827419841190071,0.016453886930698568,0.4201132847327844,0.5944232755243759,0.370876602498324,0.29056603773584905,0.14527556373049932,0.6659774783090272,12
127,0.8797648967167645,0.1299191091501208,0.64215365797077,0.8841006962611181,0.99123,0.5332105900997484,0.2864307970650317,0.08203907746107518,0.4010646667016311,0.5829208361525586,0.35703046970132296,0.2937017390720473,0.11699707064513933,0.6779767398929297,12
128,0.9299596479458502,0.14821935077213996,0.6968070523230065,0.9390972753249892,0.97544,0.5092173953575091,0.2319429088350588,0.05379673059310038,0.26646037656684324,0.4774758733663331,0.2416369084267127,0.21627946014906332,0.061097486204782336,0.5178881299612332,12
129,0.912106617536622,0.1375354554049795,0.6668072632178333,0.9343985189358875,0.99123,0.6011000279668126,0.10599557744496936,0.01123421498154367,0.2671631614831909,0.451408425625868,0.2163800298266497,0.15825555630161822,0.10833163022004223,0.4918958833302566,12
130,0.9259845200308398,0.134667507091081,0.6564628719657507,0.9681852939992756,0.97895,0.6700848326652372,0.049214493918986836,0.0024219422164247447,0.13717941994021082,0.35714540080481466,0.13624485216653667,0.13598670516349964,0.015212548538728797,0.2869411113162267,12
131,0.901532977541028,0.123432083202017,0.6340025729168863,0.9429005513744114,0.98421,0.5380348652931853,0.15911146848929542,0.02531431267519636,0.5047201971993497,0.6438873259499306,0.4331431542366156,0.35251460417645875,0.17311805981333878,0.8510983939449881,12
132,0.8739273663025303,0.12160416010085096,0.6195140983191684,0.9127460055539908,0.98772,0.5273725179453714,0.29163232485676954,0.08504759790180677,0.3984370902606598,0.6188526049642107,0.4010589828838813,0.38434163701067614,0.0873424620205736,0.6237769983385638,12
133,0.93497611919376,0.15171236474419586,0.7029651812641036,0.935988248078239,0.96316,0.5014449519903048,0.17946527289174796,0.032206988426632624,0.25003933497666125,0.4599907410704747,0.2245481536209279,0.19427247700261868,0.05488452891886368,0.4877238323795458,12
134,0.882989055882088,0.11415064607626853,0.6013455089946644,0.9358574475791848,0.99825,0.5245408781579193,0.2465674942205247,0.06079348338930365,0.3789059631824617,0.5911826501905202,0.36694988301933257,0.34539716645403884,0.08525785135227196,0.6426066088240724,12
135,0.8737170950526179,0.11474419581888852,0.6002277664128899,0.9454763150480944,0.99474,0.6130674932413537,0.22413307870137705,0.050233132580278096,0.3167147427492526,0.5066415013710338,0.2714361942289537,0.2105183643322366,0.10727569997956264,0.5526675281521137,12
136,0.7185569384506013,0.07900514759953776,0.3556003121243436,0.9941139775425606,1.0,0.9595180385942016,0.020314101919790932,0.0004126446670922261,0.2625688362091572,0.4466365157935971,0.211878668472684,0.15654669979184851,0.09227808433817017,0.5020491046704818,13
137,0.7337565459442682,0.08108519802500262,0.3820465233987809,0.99223246267155,1.0,0.924757620956465,0.02643129962810333,0.0006985928783547501,0.2450883725808989,0.4284035468822335,0.1951730082502155,0.1395387094608205,0.0900674432863274,0.46819272660144,13
138,0.7538224309359074,0.0819571383548692,0.4056983782187824,0.9930876967038276,0.99649,0.9093525682856344,0.02317318323449593,0.0005369681663012408,0.2449520113284733,0.4174708877888964,0.18547250612267235,0.12812730813133688,0.09663805436337623,0.4998707771829426,13
139,0.7403049934415395,0.08046538501943483,0.3689288651749372,0.9908540266430556,1.0,0.9446606693390508,0.03923962207257009,0.0015396464155865786,0.14626317721718152,0.4085324596702397,0.17772852275992282,0.2019942254750554,0.01706451393146672,0.22113716079010526,13
140,0.6405162659831182,0.07149910704905978,0.30416306388004305,0.9934599750472894,1.0,0.956989372611168,0.02126746406674038,0.0004522910826788045,0.4219122043320921,0.5631209714753748,0.33375747376486203,0.22327939300342445,0.2303596975270795,0.6746907882591839,13
141,0.6211312593245287,0.06883601218615401,0.2774532340721682,0.9914174749466738,1.0,0.9611028246480842,0.02507588702382149,0.0006287779967250424,0.36734672470761,0.5218831238203768,0.2876629862222769,0.1947827838581884,0.1805947271612508,0.6294997230939635,13
142,0.6461935897307527,0.07218720453829185,0.29696100554653393,0.9925343099770596,1.0,0.9845949473291692,0.02727409789928636,0.0007438317004801421,0.1408349504379294,0.3060752822192942,0.10032973498064003,0.06826697106022964,0.04364398119762927,0.3481484216355917,13
143,0.7020556517908102,0.07839583989914907,0.3590273530590295,0.9886706644665354,1.0,0.9144332059289644,0.030913157101216206,0.0009555937942327439,0.4408139717837101,0.6090238951604288,0.3888136381671661,0.2945175585845699,0.18003610600177125,0.6565257522613993,13
144,0.7036577184568092,0.07887383128479883,0.3666617457873758,0.993842314967602,0.99825,0.9421086976787544,0.018863202331892655,0.00035580472371013846,0.29114176325588714,0.4491649157793525,0.2142456457196021,0.13502987980930636,0.17067238912732474,0.5314749861546982,13
145,0.6977601105426,0.07620023111671395,0.3540396904063943,0.9911659355254157,1.0,0.9375990491283676,0.018384762287667104,0.00033798673364602704,0.2004038390937221,0.3877710907731207,0.16031140116843848,0.12022426643389515,0.056737516179576265,0.419531105778106,13
146,0.6643670334731805,0.07366319991595756,0.3287744901617564,0.991357105485572,1.0,0.9449403374662068,0.0345280932757061,0.0011921262246398937,0.35771752242093663,0.4948185605925714,0.2591361217146219,0.1648358289129121,0.2126234757136045,0.6544951079933543,13
147,0.6744900922189625,0.07347410442273349,0.32275344285804675,0.9890630659636981,1.0,0.9322037848419876,0.044035078902402255,0.0019390247287058363,0.6272617611580217,0.6340230048787436,0.4203915773919468,0.21217014704894915,0.5718032563526125,0.9264906774967694,13
148,0.6439707222316788,0.07129950625065658,0.29591707615412194,0.9923833863243048,0.99825,0.9483196606693391,0.02650115589506483,0.0007022841442091534,0.30697540252792777,0.466792493144831,0.2311154893349204,0.1498388504666622,0.1645411812793787,0.558833302565996,13
149,0.9141592654524336,0.1289526210736422,0.6442520614969315,0.9757616613675696,0.99825,0.6550060594760884,0.048224947230877474,0.0023254974882739865,0.4743640845439765,0.6662868131476799,0.4627645746966028,0.3860874236218357,0.19211117923564272,0.6231862654605871,14
150,0.9147800662855082,0.13243512974051894,0.6468249783832803,0.97825693242645,1.0,0.6554488673440849,0.039438134485877976,0.0015553273569981405,0.3588765930665548,0.5101314055767244,0.2751166386186704,0.1872121130732559,0.19481572314190335,0.6345578733616393,14
151,0.914730001702196,0.12905767412543334,0.6443680536516441,0.9763150480943374,0.97544,0.6578027407476461,0.03871193084732134,0.0014985706752518664,0.4853778780091258,0.6689932694704604,0.4663902912887028,0.39307057006647417,0.15701682675931602,0.6830718109654791,14
152,0.9149602987854332,0.12675701229120706,0.6365016766138726,0.9721294321246026,0.99649,0.6543418476740933,0.04592270579957785,0.002108878465765591,0.5561441233544868,0.723478508600121,0.5423114285323373,0.4440676828040019,0.24860004087471896,0.6839948310873177,14
153,0.8600795025583003,0.10359806702384704,0.5423582259527173,0.9800680162595083,0.99825,0.7914607998508436,0.03437129359734647,0.0011813299658627288,0.24397125924371954,0.4931448310245361,0.25743955998850715,0.2480964211374471,0.05263982560119899,0.37437696141775895,14
154,0.9141392396191088,0.1305914486815842,0.6570955564460004,0.9678029540789632,1.0,0.5947725365899134,0.05369383857674138,0.0028829341400460713,0.3384853411653642,0.4870909155656849,0.25126900080723497,0.1632847646545357,0.1797022957967164,0.6230385822410929,14
155,0.9392316087753204,0.14753125328290784,0.6935698167323956,0.976888557974806,1.0,0.6781252913209658,0.033833048547592726,0.0011446393383475345,0.2738658415062673,0.4804316085609487,0.24455116364979684,0.1926206942859061,0.10302472920498673,0.4489939080671959,14
156,0.9417949154409188,0.15950204853450992,0.7302022481388531,0.945305268241639,0.99474,0.5008273515428358,0.1568951653432506,0.024614914934362075,0.202921277600042,0.3831772372778747,0.1565899109305094,0.10795675820855437,0.0845289188636828,0.4003322872438619,14
157,0.8978782629592175,0.11836327345309383,0.6083155830187486,0.9708214271340604,1.0,0.6747692737950964,0.04091969042114786,0.0016743914962115956,0.3292494886453034,0.538442363163705,0.3058052511321813,0.2637245685892701,0.10624701955174057,0.5381207310319365,14
158,0.8962261317099058,0.11579472633680007,0.5863403420714091,0.9830261198535036,0.99649,0.7482753798825392,0.026853452608302342,0.0007210735200244233,0.5349556825929616,0.6979096186033261,0.506067944560741,0.4217417578728262,0.16498739696164588,0.7562857670297213,14
159,0.8835998437985001,0.11030570438071226,0.5784845097749752,0.9752585825250536,0.99825,0.7212757527733756,0.03669765805608604,0.0013466598207099438,0.5324382440866419,0.7021473594245219,0.5119785467033343,0.4362787886926744,0.16733088085019415,0.7418866531290382,14
160,0.9094832333710487,0.12626326294778864,0.6249130058839657,0.9828953193544492,0.99825,0.6905355644635032,0.03250527691225249,0.00105654852765674,0.3340221324802013,0.5241978562017022,0.2901667829632366,0.2249949640770832,0.11139042169085088,0.566069780321211,14
161,0.4137337164942777,0.054543544489967434,0.5110508889216948,0.785990260393609,0.87018,0.3551552158105714,0.4056789627098201,0.16456662318559018,0.24808832013426335,0.4493785833837826,0.2144508749606644,0.19805277647216807,0.06484433544519383,0.5497507845671036,15
162,0.5639675180983469,0.06265364008824456,0.4998207393972626,0.7804161468185294,0.93333,0.4054139088281905,0.3487988742587195,0.12165635147511865,0.5454974563381758,0.6382607456999394,0.4258506752042031,0.3172430000671456,0.2545779685264664,0.9187003876684512,15
163,0.49030249021237393,0.058997793885912385,0.4869034312588312,0.8070793254718879,0.9,0.3616341940896802,0.3691928837069052,0.1362992978268713,0.5310221849268371,0.6383675795021545,0.4259601307994363,0.3391526220371987,0.23206962327134,0.9159313273029352,15
164,0.6039691201650129,0.057148860174388076,0.5455743720606534,0.7685032398277459,0.90175,0.27736086510674,0.3870841290581968,0.1498293136465821,0.5765983112183354,0.6401481428724048,0.428286062198142,0.2982810716443967,0.2993664418557122,0.9825733800996864,15
165,0.5369126172762865,0.0648229856077319,0.4742919206191872,0.7930534873425364,0.94386,0.44777197725365897,0.3631168961704694,0.1318489633926341,0.2254785755493785,0.4393362059755707,0.2051334674164375,0.18968978714832474,0.04463178690646501,0.4669004984308658,15
166,0.37950956734187097,0.056402983506670876,0.5527553409114875,0.7202680404072928,0.85439,0.306574531555887,0.32823399336616743,0.10773361827315367,0.3522368490061362,0.5083508422064741,0.2732148476514934,0.2000335728194454,0.13840861094079976,0.6840317518921912,15
167,0.5376235343593235,0.056471267990335125,0.5869941160343337,0.7485310097798528,0.77544,0.3174349771604362,0.4034475826716253,0.1627626210762954,0.4789531651544554,0.5792172643424379,0.3526248819931864,0.2456858927012691,0.27487226650316776,0.8382499538489939,15
168,0.5121907260365872,0.056555310431768036,0.4961617141531519,0.7843200386364552,0.90702,0.3360445604549268,0.3869333601366971,0.14971829813216395,0.4442806943934545,0.6129767458423845,0.39371177605385216,0.3345732894648493,0.13503644662442946,0.7536274690788259,15
169,0.4432818335652993,0.05691774346044753,0.5224708437902019,0.7489234112770154,0.87018,0.3085438612846089,0.3994421549904513,0.15954317115816935,0.5323857974510935,0.6146504754104198,0.3958051143126873,0.2565164842543477,0.2877818652496764,0.8820380284290199,15
170,0.3061349140391105,0.05870364534089715,0.6205263934875677,0.6691149837002456,0.8473700000000001,0.28053043721450543,0.5057794753241531,0.2558213760373012,0.3913620391251901,0.5082796196716641,0.2731738018032809,0.1813805143355939,0.2125178826895565,0.7902159867085102,15
171,0.9264150754473272,0.1415589872885807,0.6703397515658941,0.9356662776190284,0.99298,0.5884683508902768,0.20457834958287266,0.0418500735477783,0.2923480358734987,0.5552508813788682,0.3247273871581223,0.3243705096353992,0.10299407316574698,0.3821672512460771,22
172,0.9067396942055252,0.1230328816052106,0.6167302866060695,0.965337867750634,0.97368,0.6471636990770951,0.1183133983314906,0.01399766867419722,0.24071432317616825,0.4783661550514583,0.24249887123917416,0.22412207077150345,0.08354792560801144,0.3671035628576703,22
173,0.920036847533318,0.1385649753125328,0.6628318957335977,0.9728739888115268,0.99123,0.6090822224293838,0.10091969042114787,0.010184285753934113,0.2839723081764305,0.5961326163598162,0.3729288949089466,0.4472571006513127,0.05669323523400776,0.3318811150083072,22
174,0.8907991308788338,0.12534404874461602,0.6226775207204168,0.9112166458727412,0.98421,0.5984897921133587,0.24592421348879284,0.06047708917321196,0.32981591230922536,0.6215590612869912,0.4044657882855149,0.4486671590680185,0.08977791402684107,0.3963079195126454,22
175,0.946821399605491,0.16374619182687256,0.7477486977244449,0.7997846822554031,0.8929799999999999,0.3952060221870048,0.6762991255402553,0.4573284116455274,0.2763150993863744,0.5297176026494783,0.2961868407010631,0.2876854898274357,0.08724708767627222,0.3877792135868562,22
176,0.9186550650338938,0.14210526315789473,0.6758230170613916,0.8822694892743592,0.98947,0.4956068798359281,0.4491104633631521,0.2016874358191557,0.22140871663082812,0.430825113065774,0.19734843820547554,0.16011549049889212,0.1042645956809047,0.3727893668081965,22
177,0.8616014658909994,0.11028994642294357,0.5609802391547336,0.9415623616533184,0.98772,0.6226111680805444,0.17084129058196806,0.029185978740528987,0.2111186867362459,0.4840283465688544,0.24819056219130103,0.2693413012824817,0.03454935622317596,0.3029684327118331,22
178,0.8992400196253165,0.1263578106944007,0.6235843684754413,0.9375981003742908,0.98596,0.5969632702526334,0.14774349180822194,0.021827037828536542,0.23173545917029426,0.5512268081621026,0.32015761605713583,0.4141543006781709,0.0260027931057974,0.2912571534059443,22
179,0.8710035946370818,0.11176068914801976,0.568635721365755,0.9684972028816358,1.0,0.7565838538267922,0.1402100713639562,0.01965807221559213,0.14081397178371008,0.3453153377728713,0.12745009508954838,0.10869536023635264,0.03543156890796376,0.2684511722355548,22
180,0.8678695517217211,0.10724340792100012,0.558860746145897,0.9505875960880592,0.98947,0.6425491749790251,0.14448185747311287,0.02087507979240099,0.16270519746158285,0.4275844877319184,0.19443418298239132,0.21667226213657426,0.02366305606648954,0.2398597009414805,22
181,0.96776842126343,0.200451728122702,0.7831895733597655,0.8307441542238502,0.94737,0.383669711941829,0.7267062016283045,0.5280452943298827,0.1191325326480306,0.3613831416260105,0.1394601102765122,0.15541529577653931,0.015163498875945229,0.1926342994277276,22
182,0.9351663646103474,0.15425464859754176,0.7032182550562035,0.9311285064595324,0.99474,0.5322550573319661,0.15103025429691427,0.02280952513113708,0.0795038548277128,0.2535451016701684,0.06900628001477653,0.057396092123816564,0.016529395735404316,0.17264906774967695,22
183,0.6190285468254049,0.06531673495115033,0.34886222240968434,0.9472672757274522,0.9614,0.7468187750536031,0.1218966730324656,0.014859426604868031,0.09200713274243456,0.34703180086179264,0.12870883443473027,0.1721815618075606,0.0043739355541930645,0.13780321211002403,23
184,0.6179671776591803,0.06458661624120181,0.3679798384545627,0.9376282851048418,0.97368,0.7012212174885802,0.12752537943511913,0.016262385168327273,0.06768762783867414,0.2499804138029273,0.06708943890325493,0.06487275901430202,0.008327542748143606,0.13929481262691526,23
185,0.6248460514063141,0.060925517386280076,0.5050825653246725,0.9212580995693648,0.85088,0.5261722755663278,0.4885164338124435,0.2386417251810941,0.07333613048722924,0.27209857198817705,0.07941413892651425,0.08094071040085947,0.008735608692690237,0.13302196787889978,23
186,0.4829129577154529,0.060794201071541126,0.4493852415800241,0.9230591218255728,0.92456,0.5441759112519811,0.31860488491305666,0.10150564791429602,0.13909896680127973,0.3739183077525729,0.14918797630286362,0.1500067145638891,0.02310545677498467,0.2343289643714233,23
187,0.5691341830961941,0.062380502153587564,0.5061581289410971,0.9180887028615128,0.79474,0.452712780833411,0.4480952859583878,0.2007854347645084,0.14219856296218594,0.3625939247177808,0.14039048283599445,0.12720069831464448,0.036354656311737864,0.24207864131438064,23
188,0.6281403009882749,0.06534825086668768,0.5294936415209734,0.9060349337948244,0.86667,0.5565162673627295,0.4653281736857976,0.21652188393327967,0.10667645670530236,0.3263594601331862,0.11395558839223413,0.1131269724031424,0.016714694461475582,0.1816318995754108,23
189,0.5871273943386969,0.059980039920159677,0.31991690743826057,0.9387954280194792,0.92105,0.6679756688729375,0.20746808724494925,0.04304071493991285,0.12002937011590704,0.33369182009187703,0.1190890558086716,0.10840999127106693,0.03556441174466925,0.2011482370315673,23
190,0.5083657918715142,0.058220401302657834,0.2643672100723369,0.9410492212339518,0.98596,0.7565838538267922,0.13041511709719572,0.01700757680885904,0.0707662453453611,0.26177486556746554,0.0735336370726101,0.07132881219364802,0.010858028476054226,0.1282997969355732,23
191,0.6025773247489261,0.06436600483244037,0.44113925385410296,0.9484947881031917,0.95263,0.6394029085485224,0.29568298321439346,0.08742332991035498,0.08497403891540357,0.2666678537089135,0.07629191807248697,0.06310682871147519,0.024274133115334832,0.16159867085102456,23
192,0.6363008280682081,0.06313688412648387,0.4994516734504503,0.8992333078440053,0.8684200000000001,0.5167684347907151,0.3900693537038898,0.1521467625100608,0.11749619761892276,0.3698586232684021,0.14601376404110056,0.1706842140602968,0.01065876422099598,0.18058334871700205,23
193,0.6513202030619499,0.06489127009139617,0.4743762785498872,0.9148891214231096,0.89123,0.6711335881420714,0.35530706603678763,0.12623851683272735,0.04895840981801017,0.2108187030376411,0.04778284009905731,0.0438024575303834,0.007572722937529802,0.09661805427358318,23
194,0.6468744680638022,0.07712469797247609,0.3738848936035599,0.9647039884090636,0.99123,0.8231681737671296,0.10156799678359632,0.010315284060947515,0.3095715109875701,0.4530109326590933,0.21788504426110636,0.1254347680118176,0.4256420737107432,0.5019752630607347,24
195,0.555286319351964,0.06804811429772037,0.26909125419153473,0.9804101098724192,0.99825,0.9117180945278268,0.06062418333500854,0.0036750298354195,0.10556983269523257,0.2732167657846943,0.08006403152321143,0.0550224937890284,0.04343279514953335,0.22384714786782356,24
196,0.44487388731463584,0.06321567391532723,0.20490541367020268,0.9892441743470038,1.0,0.9706814580031696,0.05184943210372902,0.002688379451028281,0.1524046782398909,0.3655496599123963,0.14266168643708355,0.12176861612838248,0.04001634988759452,0.270463356101163,24
197,0.6376225330676574,0.07493434184263054,0.31608916633274986,0.9807018956010788,0.99825,0.9142467605108604,0.06726806714242638,0.004524992367683383,0.1482771280222374,0.3008974039386062,0.09698860293614636,0.057594171758544276,0.10678860957830916,0.3370869484954772,24
198,0.6425088363989547,0.07801764891270091,0.3545142037665816,0.9615044069706606,0.99825,0.8500978838445045,0.0876419740677455,0.007680885903805056,0.12655373157811928,0.2658060610377123,0.07580210428381835,0.04008594641778016,0.10873015873015872,0.3037806904190511,24
199,0.5830721630903866,0.07054312427776027,0.30865512368981585,0.9564031875075464,0.99825,0.8331663093129487,0.13506885114081818,0.018242624406760843,0.3573399066449887,0.4702111748157117,0.2344538849895333,0.12354126099509835,0.5006131207847946,0.602362931511907,24
200,0.4462456568973976,0.0635938649017754,0.21360482527363608,0.97701935847386,0.99123,0.9333224573506106,0.08129962810332697,0.006609308650883961,0.10820789846331358,0.2639329083722089,0.07474585778981789,0.04654871416101524,0.05509230874037741,0.24523906221155625,24
201,0.6801273642999469,0.07810694400672337,0.3528797688592699,0.9790618585744759,0.98246,0.8987834436468723,0.06231279525580461,0.0038827676167744454,0.039857345151308544,0.15715964531177665,0.02659634144672933,0.016470489491707513,0.012554329313985963,0.1065423666235924,24
202,0.11723122828448697,0.05748502994011976,0.1840057363392876,0.9814565138648532,1.0,0.9550316957210776,0.0809830133681777,0.006558102744858594,0.17311060995437144,0.3101456500836865,0.10299497872456867,0.05264218089035117,0.2066217044757817,0.3799889237585379,24
203,0.5335182385277007,0.06869419056623595,0.2733724191745576,0.9732261440012879,1.0,0.8980260091358254,0.08917981706704192,0.007953151452915546,0.2801174804636282,0.43655852711798016,0.20257494287786126,0.12060363929362787,0.4209414810273178,0.4388406867269707,24
204,0.5289623614462656,0.06563714675911335,0.23599131113313795,0.9892240511933033,1.0,0.9613009229048196,0.052125841793145035,0.002717104715383975,0.2490271149105785,0.3658701613190414,0.14289427957695414,0.06645403881017928,0.40792969548334346,0.4951079933542552,24
205,0.3528151315196604,0.06019539867633154,0.21169622709154945,0.9747253189519864,0.99649,0.8312319381001212,0.08909940697557542,0.007938164358469096,0.17437981853464102,0.35279370392792275,0.13297623445388498,0.08906868998858522,0.12169766332856463,0.32138083810227064,24
206,0.6498082526459131,0.07667296984977412,0.34839825379083456,0.980057954682658,1.0,0.8777267642397688,0.0805156297115288,0.00648261219505426,0.0630670792468663,0.17900359673800792,0.034482617083282034,0.01716108238769892,0.045299407316574704,0.18187557688757616,24
207,0.7225520921989366,0.07714045593024478,0.4584326296475948,0.9189942447780418,0.98596,0.707770112799478,0.2328073173183235,0.054196386445005684,0.5120260135312319,0.6577757202378832,0.4513948747417532,0.3265124555160142,0.35526943252265136,0.6755030459664021,25
208,0.7166544842847273,0.0725286269566131,0.3985701330746357,0.9562019559705398,0.99123,0.7940011186725086,0.12602774148155596,0.015882157031445143,0.5469659621335291,0.8255760122502759,0.6978341474093229,0.7913449271469819,0.15132161591389054,0.5547350932250323,25
209,0.8206286109080715,0.08194138039710054,0.5221017778433895,0.9159657101460944,0.98421,0.707222429383798,0.23106342345964415,0.053388748577613734,0.5134210940368176,0.7359068409244685,0.5603305558976044,0.5210837306116968,0.2449417535254445,0.5705002769060366,25
210,0.8313624575702656,0.08577581678747767,0.5213003775017399,0.93167183160945,0.96842,0.7286403467884777,0.22781686601668516,0.05189836529655019,0.7039911889652278,0.9429863608845838,0.8964823708081927,1.0,0.2534777573404183,0.6458556396529445,25
211,0.7535620951026825,0.08326504884966908,0.4339688297446064,0.9159657101460944,0.99298,0.7670014915633449,0.22194190370891548,0.04925619605339846,0.679655950070803,0.9024963498450912,0.8257330104393273,0.8729940240381386,0.21768172218815995,0.6693741923573935,25
212,0.7841115038399535,0.08083307070070385,0.44961722588944897,0.9523081257294644,0.97544,0.7630045679127435,0.1945220625188461,0.037836862701562536,0.661194734357791,0.8713721021331149,0.7729206857393041,0.7808702074800242,0.2274201239866476,0.6831825733800997,25
213,0.7892481300878132,0.08418426305284167,0.4744606364805872,0.9191954763150484,0.95614,0.7315768621236134,0.3050909639159715,0.09307540728816853,0.6796035034352547,0.8981161639542751,0.8182216202164484,0.8469750889679716,0.3155528305742898,0.6457079564334502,25
214,0.8320132971533278,0.08741989704800923,0.5213214669844148,0.9660723628607076,0.99649,0.7644844784189428,0.11981606191577045,0.014355693708195718,0.6433104316358105,0.881948648552402,0.7906661741164881,0.8496609145236017,0.26683016554261185,0.6276906036551597,25
215,0.7895184788377007,0.08603844941695557,0.4537613092350845,0.9600454783273636,1.0,0.8285284795376153,0.13460146748416926,0.01811634425911021,0.6717365081030051,0.7635411844307538,0.601321676312441,0.43752098301215336,0.3445738810545677,0.8404652021414067,25
216,0.7345976309439177,0.07893686311587353,0.3678743910411877,0.9888517728498412,1.0,0.933905099282185,0.02696100110563876,0.0007268740806527713,0.15343263229663814,0.3677575584915067,0.1443856120620066,0.14440676828040022,0.031215341644526193,0.3264057596455603,26
217,0.828819176737992,0.09675386069965332,0.5142564902882932,0.9798265384151004,0.99825,0.7971124265871167,0.08136496130264348,0.006620132663539729,0.1155976294120732,0.3132473914746626,0.1050513757200126,0.09954676693748743,0.02342325771510321,0.2517038951449141,26
218,0.5569785022679257,0.06574219981090451,0.2528101735664424,0.9862357628687568,1.0,0.9486692458282836,0.036730827218815966,0.0013491160389664456,0.29870981276551106,0.6386168583739895,0.4262884975851359,0.5842677768078964,0.028783295864840925,0.3649916928189034,26
219,0.29939622112525155,0.054496270616661416,0.1134719615327836,0.9899182999959756,1.0,0.9897455020042882,0.057603779274298925,0.003318253725958202,0.1724602716735721,0.3419892453972437,0.12502975823995402,0.08626535956489627,0.06381224879078956,0.4001107624146207,26
220,0.482852880215478,0.0608099590293098,0.17829048653436533,0.9848875115708136,1.0,0.8295888878530809,0.0445471906724294,0.0019844023202242518,0.19496512298736035,0.4053986681385991,0.17504686067670922,0.14908681931108572,0.05058927719871925,0.372494000369208,26
221,0.5902614372540578,0.06675070910809959,0.256912077946728,0.9877751841268564,0.99649,0.956488300550014,0.03738466177505277,0.0013975465571313592,0.21863953427387636,0.4122360314803603,0.18091641697108998,0.1376485597260458,0.08762177260031337,0.41000553812073104,26
222,0.3224159165323267,0.05619287740308857,0.14368264546470674,0.986205578138206,0.99825,0.9549850843665516,0.06489596944416524,0.004211234770059116,0.3999947553364452,0.6546419287062426,0.4472629260216995,0.4753575505270933,0.08961441515089584,0.5521506368838841,26
223,0.4826225831322407,0.05995902930980145,0.16064913427673622,0.991427536523524,1.0,0.9971567073739164,0.036284551211177005,0.001316505231606117,0.11466407929931295,0.2823368113671166,0.08546429695302987,0.0586819311085745,0.04476803596975271,0.25541074395421826,26
224,0.8751489421353547,0.10901355184368107,0.5838939620811102,0.9687386807260436,0.98421,0.6577794350703831,0.0987837973665695,0.00975770863978241,0.19695285047464206,0.389800933015206,0.1619805989957449,0.12925199758275702,0.07291709244498944,0.39479416651283,26
225,0.5821309489241121,0.06558462023321777,0.2265537676360799,0.9931178814343784,1.0,0.973140206954414,0.023410393004322044,0.0005480280869251476,0.21356269995279806,0.4025497667461985,0.17263883758157866,0.1233566104881488,0.11350228217181005,0.3827949049289274,26
226,0.4102692473290544,0.056371467591133526,0.1532994495645022,0.9875940757435508,1.0,0.9796541437494172,0.021149361744898985,0.00044728150759068585,0.2597681858708764,0.5302517716605534,0.2967751645254416,0.3497952058013832,0.03494107228012807,0.4349640022152483,26
227,0.8266263479889058,0.08878558672129425,0.5006326844802497,0.977512375739526,1.0,0.8210823156520929,0.09626093074680872,0.009266187449696095,0.13626160381811506,0.3713186852320074,0.14716304779104927,0.15431746458067552,0.015170651951767831,0.2484991692818904,26
228,0.603448448498563,0.0658682634730539,0.21708458991500934,0.9949189036905864,1.0,0.9344760883751282,0.042382651522766115,0.0017962310232855039,0.09323438401426548,0.2200277767885759,0.052032453583986636,0.03087457194655207,0.051880237073370125,0.31692449695403363,27
229,0.6699242022208649,0.06697657316945056,0.3255899782778329,0.9937819455065,1.0,1.0,0.024424062719871343,0.0005965279897865727,0.16514396601458015,0.3356041451515259,0.120444936994623,0.08506345262875176,0.06491245997683766,0.38316411297766295,27
230,0.8148511579938119,0.0912385754806177,0.4529599088934349,0.9956533988006602,1.0,0.9219376340076442,0.04328625992562067,0.001873664344592157,0.17764199926574709,0.3703215697446672,0.14638317667501266,0.11927751292553547,0.05243545200626746,0.3796935573195496,27
231,0.7281292867799461,0.07762895262107364,0.34776556931058483,1.0,1.0,0.981518597930456,0.01491004121017188,0.000222294690683023,0.1381444380343001,0.2916669634272284,0.09116830165962046,0.05991405358221982,0.06604673342870768,0.36200849178512096,27
232,0.8002623384165574,0.08692614770459083,0.4314802707889576,0.9957338914154628,1.0,0.9497063484664864,0.024609508493315915,0.0006056035080902558,0.15048513137882205,0.3240910223994872,0.11239037338039924,0.08396226415094339,0.04634511887730772,0.36490308288720696,27
233,0.8145908221605871,0.08889589242567496,0.4325031106986946,0.9986718718557572,1.0,0.9195138435722942,0.023292793245552317,0.0005425328189614498,0.16437824513557456,0.3436238025711335,0.12621735144823434,0.0963674209360102,0.05792969548334355,0.3755215063688388,27
234,0.8572057954761643,0.09838218300241623,0.5235885863719763,0.9865074254437156,1.0,0.8055607345949474,0.04638104332093678,0.002151064361244484,0.25153930875334346,0.37000106833802215,0.14613690158573792,0.08266635332035185,0.27489270386266096,0.5982278013660698,27
235,0.7606612530163912,0.08279756276919845,0.4107598540607799,0.9933895440093372,1.0,0.9592966346602032,0.02805307066036788,0.000786933473952985,0.18216814391356792,0.3497311349310922,0.13069818987809384,0.09089505136641376,0.07971932692962735,0.4221155621192542,27
236,0.8041373371649428,0.08677382077949364,0.4246156441782484,0.9829657503924016,1.0,0.9302810664677916,0.05469393908935572,0.002991590574782826,0.2452614464782084,0.364196431751006,0.14163554023177222,0.07223192103672868,0.2522753593569044,0.5557688757614917,27
237,0.7949154409187852,0.08038134257800189,0.4527595588080224,0.9739807622650624,0.99649,0.9230096951617414,0.08325459845210574,0.00693139241208959,0.24665652698379398,0.4191090060895267,0.18690911081010825,0.1403746726650104,0.11869337148307105,0.5242754292043567,27
238,0.6663696168056794,0.07152537031200756,0.2826412468102157,0.9955829677627078,1.0,0.8926423976880767,0.02602774148155593,0.0006774166689794899,0.09331305396758796,0.26491934047932764,0.07530134493562643,0.0609883838044719,0.017865658423598337,0.2300793797304781,27
239,0.9472219162719908,0.1758325454354449,0.7466731341080203,0.9680444319233712,1.0,0.5321967931388086,0.17807819881395115,0.03171019399961145,0.288383070226045,0.466721270610021,0.2310333976384956,0.15996105552944334,0.17452823761836636,0.4832194941849732,28
240,0.9315817404451742,0.15154953251391953,0.7120336588143493,0.9632752444963176,1.0,0.5938752680152884,0.13624987435923208,0.018563181704643224,0.2659201762206954,0.43905131583633067,0.2048461464789503,0.14077754649835492,0.10956468424279582,0.5112793058888684,28
241,0.9166725075347196,0.14075007878978885,0.6628635299576101,0.969744838411076,1.0,0.6510907056959075,0.09590411096592624,0.009197080291970805,0.5428751245607594,0.7080232185463481,0.5202971719410582,0.4280870207480024,0.1956979358266912,0.7274136976186081,28
242,0.8731463588028557,0.1131211261687152,0.567486344559968,0.9848271421097116,1.0,0.7646476181597837,0.10215599557744498,0.01043587466348422,0.4264226149892484,0.6668565934261601,0.4635170819138311,0.4435305176928759,0.1231078411335922,0.5392652759830164,28
243,0.9144596529523084,0.13475154953251392,0.645179998734631,0.9878355535879584,1.0,0.7028176563810945,0.03380239220022113,0.001142557797452194,0.4902921277600042,0.6846266158612585,0.487679404561562,0.4110991741086417,0.20983377614278906,0.6166143621930958,28
244,0.9211482812828548,0.14007773925832545,0.6651939177931966,0.9849680041856159,1.0,0.6758879463037195,0.0518192783194291,0.002685048985595737,0.5900246499187077,0.7045689256080624,0.5154127160037761,0.3761834418854496,0.2686661216704135,0.821155621192542,28
245,0.9179541608675192,0.1415852505515285,0.6642976147795094,0.9888014649655896,1.0,0.6928661321898013,0.024735149261232287,0.0006117926230190669,0.5489589342843656,0.6680673765179302,0.465145233892925,0.32485731551735714,0.2904285033040398,0.7600147683219495,28
246,0.9151505442020208,0.1433396365164408,0.6817807959170762,0.9728035577735744,0.99298,0.6469539479817282,0.11232787214795456,0.012617607060586716,0.3593328787958253,0.5430718279263559,0.3109633460575463,0.23606056536627945,0.13991416309012875,0.5789551412220787,28
247,0.8773317579677784,0.11784851349931715,0.5938165636796929,0.9903107014931379,1.0,0.7589843385848792,0.05123630515629712,0.0026248230690238965,0.7595321760109089,0.8007193476015811,0.6584027692265595,0.4506479554152957,0.4304789154574562,0.9113900683034892,28
248,0.9219993791991671,0.1533669503099065,0.6943184933673577,0.9745743952992316,0.99825,0.6094318075883285,0.0582319831138808,0.003391107657295107,0.3397912623905176,0.599764965635127,0.3773618465158916,0.37668703417713023,0.08296546086245657,0.4580395052612147,28
249,0.8694415796377328,0.11245929194243093,0.5694582111900794,0.9908942729504568,1.0,0.8076932040645101,0.0454719067242939,0.0020676639560378565,0.6255310221849268,0.7307432071507425,0.5528191656747253,0.3914255019136507,0.3724027522310784,0.77803212110024,28
250,0.9344354216939852,0.16924046643554996,0.7294219372798785,0.9638085080693848,1.0,0.5609909573972219,0.11385063825510106,0.012961477616496906,0.3949598783238055,0.6253694668993269,0.4092955164251802,0.37138252870476063,0.13610259554465565,0.5248292412774599,28
251,0.8385817704839243,0.10248975732745036,0.5172195626041294,0.9739606391113615,0.98246,0.7590426027780368,0.08153583274700976,0.00664816408093031,0.02685005506896733,0.12685089562337526,0.01733913447988069,0.010823876989189551,0.003827917433067648,0.08681558057965665,29
252,0.8338256350692393,0.10512658892740834,0.5288925912647363,0.9615848995854632,0.99649,0.7809615922438705,0.14283847622876672,0.020401876162193668,0.04853096973829128,0.18190947615825648,0.035608641519243665,0.02460283354596119,0.013649090537502552,0.12023998523167805,29
253,0.8468824783971323,0.10532618972581152,0.5265094797224624,0.971797400088542,0.99825,0.7591707840029831,0.10041712734948237,0.01008298409702756,0.02640320973409556,0.12887361561197966,0.017894621625689233,0.011790438461021957,0.0029852851011649287,0.0832453387483847,29
254,0.7414865176077141,0.08602794411177644,0.41040133285530506,0.9725520183523164,1.0,0.8721450545352848,0.12580158809930647,0.01582526158030585,0.04379136728378875,0.16164310387806702,0.028131456169875082,0.018442221177734502,0.010032699775189046,0.14195680265829794,29
255,0.8303111013207037,0.09929089190040973,0.4982179387139634,0.9702881635609936,0.99825,0.7702526335415306,0.11979093376218718,0.014350142932474812,0.030083914616877323,0.13401944375200314,0.019350381042290903,0.01238736319076076,0.0045210845425437685,0.10005168912682297,29
256,0.8236224729901573,0.09988444164302973,0.5021616719741865,0.9709924739405159,1.0,0.8127388831919456,0.12577143431500654,0.015816935416724485,0.029701578643730006,0.11899505003383072,0.015259478170449725,0.007702276237158397,0.012753593569044213,0.10892375853793614,29
257,0.8461014708974578,0.10987498686836852,0.5455005588712909,0.9509196281241198,1.0,0.7074438333177961,0.19992461553925014,0.03996836057839083,0.04248282372685792,0.15971297318471564,0.027465145233892933,0.017051299268112538,0.00995129095987465,0.12669743400406128,29
258,0.8197574871584343,0.10046223342788108,0.5044077018790729,0.9548838894031474,0.99298,0.6826815512258786,0.19127550507588706,0.036585162776498016,0.026338175906015625,0.12117089847227665,0.015821806290960333,0.009807627744577987,0.005267048164043872,0.09613069964925236,29
259,0.7906699642538875,0.09552473999369683,0.4782356538794104,0.9551354288244056,1.0,0.738125757434511,0.1526334304955272,0.02329521800671644,0.04221429695285047,0.1547309568747552,0.025780897262241927,0.015251796145840327,0.009928128619115744,0.1348827764445265,29
260,0.8083227363298655,0.097541758588087,0.4871354155682561,0.9559705397029824,0.99298,0.7098093595599888,0.14294401447381647,0.020432405428658658,0.050551738605968434,0.21400591147038925,0.04923312673589733,0.04516215671792117,0.0057231419033994145,0.10222632453387484,29
261,0.8049684092479299,0.09890219560878244,0.4953919480355147,0.936390711152252,0.99298,0.675992821851403,0.22005729219016987,0.04842219200133219,0.05340640897886401,0.22070082974253052,0.05234987481016296,0.048106492983280735,0.0064425369575584175,0.105257522613993,29
262,0.8556137417268276,0.10820464334488918,0.5437817660332792,0.9739606391113615,0.98421,0.7097627482054627,0.1279173786310182,0.016362299131303597,0.04155032254680862,0.1600655247320252,0.027586914583589868,0.017451487275901432,0.008920566796103277,0.12035443972678606,29
263,0.5098977681208758,0.0639037714045593,0.2946517071936225,0.9403750955849804,0.99123,0.4768341568005966,0.08085737260026134,0.006537842413477284,0.5062044369853673,0.610056621915174,0.3900860594617521,0.2337675417981602,0.5263641937461679,0.683404098209341,30
264,0.5298234722792402,0.06337850614560353,0.26989265453318434,0.9452348372036868,0.97895,0.6023701873776451,0.09553221429289377,0.009126169132136215,0.7696543766717364,0.7065631565827428,0.5182175156316272,0.24666286174712956,0.799645752435452,1.0,30
265,0.2461174915641177,0.057836957663620125,0.21740093215513426,0.9557994928965268,0.99298,0.6198028339703551,0.06441853452608304,0.004149343620771003,0.7488855089945979,0.7313485986966275,0.5537084923859952,0.303071912979252,0.6163226377818652,0.9521875576887576,30
266,0.5558971072683763,0.06470217459817207,0.2660016449796486,0.953666438604258,0.99123,0.6404982753798825,0.07596240828223942,0.0057703089006688685,0.31021135994125976,0.4984152986004772,0.2628439300031469,0.1924931175720137,0.1433987328837114,0.5013476093778845,30
267,0.3518639044367234,0.0600273137934657,0.255868148554316,0.9421459331106372,0.99123,0.5575417171623007,0.09911046336315207,0.009822236407537951,0.5632768657890596,0.6692781596097005,0.4667597039226149,0.3017961458403276,0.5118196062402071,0.7021967878899761,30
268,0.4809203872996165,0.06314738943166298,0.2825674336208533,0.9512617217370308,0.99825,0.6075673534072898,0.11447381646396625,0.013103993783131191,0.3475061624796769,0.527687760407393,0.29395668294818644,0.2079567582085544,0.2504325907759384,0.5046704818165036,30
269,0.1931191236695337,0.05542073747242357,0.2640825020562246,0.9421761178411884,0.99474,0.550992821851403,0.09896974570308577,0.009794482528933418,0.2933602559395815,0.4640148142872405,0.2284064633528985,0.15387094608205196,0.1498773758430411,0.5209894775706111,30
270,0.4969811056262578,0.06214938543964702,0.24100006326844806,0.9527005272266272,0.98947,0.6830078307075603,0.08707910342748018,0.007582082095972912,0.2470551214139613,0.4539724368790285,0.21880173487118446,0.17367555227287987,0.08128959738401798,0.4241831271921728,30
271,0.3329695306945961,0.058871730223763,0.289695678765,0.942015132611583,0.99474,0.5807308660389671,0.1225952357020806,0.01502872526435569,0.5668956836418944,0.6011894163313272,0.3791131360396229,0.20079231853891089,0.4201580489134137,0.918072733985601,30
272,0.3965715773347617,0.061177644710578835,0.3101735664424152,0.9464321648488752,0.99298,0.6392747273235759,0.12686702181123732,0.016094474202769837,0.2707557560182514,0.42783376660375344,0.19466677612226188,0.1249244611562479,0.13017235506505892,0.5517075872254015,30
273,0.4198716344083869,0.06265364008824456,0.3223211084632094,0.9400330019720692,0.98947,0.5906590845529971,0.10527691225248767,0.011082956343148952,0.3010856453558504,0.4454257327018269,0.2107567486215436,0.13103471429530653,0.1566319231555283,0.6090825179988923,30
274,0.4582611568923912,0.06108309696396681,0.25389628192420444,0.9485551575642936,0.99298,0.7448377924862495,0.10191476530304552,0.010386056451389084,0.14911627419101064,0.3409636408959795,0.12428819658224904,0.0944067682804002,0.05034402888480142,0.2899575410743954,30
275,0.9966957375013769,0.4985397625801029,0.9637577240230298,0.8551434780858858,0.97368,0.20309732450825024,0.41264448688310384,0.17027004523882214,0.06562123039806997,0.21611765962750612,0.05020591333853247,0.03604042167461224,0.017766877852714764,0.15480155067380472,31
276,0.9973966416677514,0.5781069440067234,0.9726363962292004,0.8749748460578743,0.99123,0.16991004008576488,0.3256206653935069,0.10602536704504452,0.058614359888813125,0.20586161461486416,0.04557046888040607,0.03303498287786208,0.013385789222699094,0.13775152298320106,31
277,0.9989586566671006,0.6307910494799874,0.9967838538920641,0.6741759568559585,0.94386,0.12950964855038688,1.0,1.0,0.05357423821261866,0.1819878209465475,0.035638741807932785,0.022414892902705968,0.01543838136112814,0.14733247184788628,31
278,0.9958446395850648,0.5113509822460341,0.9537085855283968,0.9392079526703426,0.98421,0.22883844504521303,0.10502060508593827,0.01102925258804918,0.08705617034667228,0.2679641038424558,0.07703211153525154,0.0638286443295508,0.015127052251515768,0.18088240723647772,31
279,0.9982877912507134,0.6591028469377035,0.9743024653605248,0.9445405884010144,0.96842,0.1876689661601566,0.13539551713740078,0.018331436818295355,0.0530550165206902,0.20587585912182613,0.045575941660167735,0.03656415765796011,0.009939028544178758,0.1144914159128669,31
280,0.9982677654173884,0.5732219770984347,0.9894763481451802,0.7051656135549564,0.93684,0.13461359187097974,0.7706302140918686,0.5938774943798396,0.05585042219541615,0.19810191944731312,0.04221018210674657,0.03008728933055798,0.012306015396144152,0.13813919143437325,31
281,0.9967958666680018,0.5090608257169871,0.9620283864436804,0.8879945265021936,0.93509,0.2047054162393959,0.24974871846416724,0.06237129138797148,0.07196202863586301,0.2409066628681315,0.06232948870555077,0.05057073793057141,0.015113767967845224,0.15157467232785676,31
282,0.9963052337515396,0.4722659943271352,0.9784360039648228,0.6910995291182035,0.8684200000000001,0.16870979770672134,0.947482159010956,0.8976853265243817,0.06958619604552367,0.24562159467255446,0.06477992584383424,0.05616732693211576,0.011854349751345458,0.13842348163189958,31
283,0.9971162800012014,0.4799138564975312,0.9754202079422992,0.6966032116553307,0.90702,0.17596951617414,0.9004925118102323,0.8108573173100941,0.028358944773692763,0.15730209038139667,0.02664422826964386,0.023596656147183242,0.002358505347775734,0.06254384345578734,31
284,0.9972164091678264,0.5315684420632419,0.9749773288061244,0.8115869119008332,0.90702,0.17541017991982846,0.6159915569403961,0.37942327440259777,0.043479309802276184,0.18636444571062288,0.03736950840755792,0.030369636742093607,0.00523264527556373,0.1008048735462433,31
285,0.99550420041854,0.4831652484504674,0.960826285931206,0.8426570612146337,0.98421,0.2063950778409621,0.27849030053271684,0.07755405067858233,0.08479572035453926,0.28487589473309355,0.08699941167617561,0.08236755522728799,0.01885278288711765,0.142831825733801,31
286,0.8633537263069359,0.10891375144447947,0.5511630849695257,0.9929367730510728,0.99474,0.8218630558404026,0.050743793346064936,0.0025747273181427107,0.21715004982430375,0.4331398454470993,0.1994691403631189,0.16346270059759616,0.09403910348116357,0.3491969724940004,32
287,0.8713640596369316,0.11079945372413068,0.5574266613239978,0.9896566989978672,0.99298,0.7083061433765264,0.015949844205447785,0.00025439205128916767,0.14109193895211622,0.32545493394109903,0.11333032330446445,0.08186732021755187,0.05481640438721983,0.2728595163374561,32
288,0.8635940363068357,0.10714360752179852,0.5413459307843179,0.9943957016943696,1.0,0.8322340822224293,0.028891345863905918,0.0008346701451527852,0.27629412073215504,0.4964566788932017,0.2608326834407366,0.21406029678372387,0.15644117446692554,0.3938342255861178,32
289,0.9042164392065764,0.12320096648807648,0.6086530147415484,0.9911055660643135,1.0,0.6845226997296541,0.022134887928435012,0.000489939219005856,0.11770598416111605,0.27714824970620694,0.08237080819275129,0.05168199825421338,0.07167722596907146,0.2531327302935204,32
290,0.8868039771304984,0.11571068389536715,0.5798869603728621,0.992423632631706,1.0,0.6879719399645753,0.01889687405769424,0.0003570814021259471,0.207001625845702,0.4436807805989815,0.2091285966424496,0.1900355871886121,0.06951767831596158,0.3111353147498616,32
291,0.8819176737992008,0.11277445109780435,0.5697112849821794,0.9959854308367208,1.0,0.8381420714085951,0.015904110965926224,0.0002529210957231273,0.2354539256306708,0.4595990171290196,0.22417874098701585,0.18929362787886927,0.10999046256556984,0.3565663651467602,32
292,0.8859929308808363,0.11764891270091395,0.5879115085306957,0.9860043466011996,0.99825,0.7920900531369441,0.045876972560056295,0.0021045766145818875,0.13456757748990403,0.3105516185321035,0.10326588132277087,0.07224199288256228,0.060879487703522035,0.27747461694664943,32
293,0.8877552042134353,0.11846307385229543,0.5954826328110172,0.9888920191572425,1.0,0.7869977626549828,0.06092572117800785,0.003711942493963532,0.11669900875858813,0.29777073466044657,0.09499787929784237,0.07014369166722621,0.0555351181960624,0.2244009599409267,32
294,0.8329545113196023,0.09688517701439228,0.4935677077841281,0.9929870809353244,1.0,0.8740910785867437,0.024802995275907132,0.0006151785962088202,0.18258771699795456,0.3869876428902105,0.15969571344525169,0.12350433089370845,0.10235710879487704,0.2966512829979693,32
295,0.8538815071442161,0.10471162937283328,0.5283653541978616,0.990552179337546,0.99825,0.8404842919735247,0.03431349884410494,0.0011773611612222806,0.08160172024964599,0.2525657918165308,0.06847815676777627,0.05282011683341167,0.02362797193269296,0.1653978216725125,32
296,0.7877762313384266,0.08832335329341318,0.4363730307695553,0.9828751962007488,0.99825,0.8956371772163698,0.06796662981204142,0.004619494324331825,0.08673624586982745,0.27183504860938,0.07926226928812816,0.06642718055462296,0.024068737652428642,0.15959756322687835,32
297,0.6997727067917614,0.07851139825611933,0.3658392559630513,0.98508874310782,1.0,0.8672392094714273,0.03540305558347573,0.0012533374039021953,0.3528452299784969,0.5629785264057549,0.3336069723214164,0.26805546229772376,0.2277300906056271,0.4635037843824996,33
298,0.6063321684973616,0.07296459712154638,0.3117974566083894,0.9803899867187188,1.0,0.8576838817936049,0.05438234998492311,0.0029571757653132024,0.7148476425237321,0.7417470887788896,0.5688954562246028,0.3362989323843416,0.6841065467674909,0.8393206571903268,33
299,0.7959768100850098,0.08958924256749659,0.443311470569627,0.990833903489355,1.0,0.8893096858394705,0.03743391295607599,0.0014012933307429715,0.3363245397807731,0.5206723407286065,0.2863495190794784,0.20663734640435105,0.2223823148715852,0.5044120361823888,33
300,0.7563256601015309,0.08751969744721083,0.4286437353691714,0.9822815631665796,1.0,0.8754311550293652,0.04947482159010955,0.0024476145541339404,0.10739497561231448,0.32235319255012285,0.11119867558729768,0.1052004297320889,0.041341372028067314,0.16211925419974155,33
301,0.6948763905438016,0.07638407395734846,0.3422506695910749,0.9886807260433856,0.99474,0.925806376433299,0.032095185445773444,0.001030043573589409,0.41441233544868095,0.5894376980876751,0.36484286281109335,0.2674142214463171,0.2628857551604333,0.5699833856378069,33
302,0.8209790629912588,0.09821409811955037,0.4986291836261256,0.984314001690345,0.99825,0.7615479630838072,0.037260528696351394,0.00138824900779884,0.3560602087376094,0.5056799971510986,0.2704237299730466,0.1675619418518767,0.3293787042714081,0.5485323980062765,33
303,0.6896696738793043,0.0756329446370417,0.3478288377586098,0.9892341127701534,1.0,0.9143982474130696,0.035582470600060305,0.0012660625572423745,0.4388472229506477,0.6140450838645347,0.39502524319665067,0.2949707916470825,0.3454935622317596,0.5653682850286137,33
304,0.7226722471988866,0.08037083727282278,0.3765210789379337,0.9859741618706483,0.99649,0.9161694788850564,0.06807216805709115,0.0046335100330271144,0.21333717941994015,0.4072148427762544,0.17660660290878247,0.12824145571745116,0.12294093603106478,0.3652427542920436,33
305,0.7316137817784942,0.07955142346885177,0.36823291224666255,0.9929367730510728,1.0,0.9452666169478884,0.08891848426977586,0.007906386167466903,0.4273614097655635,0.5997293543677219,0.37734816456648745,0.2750520378701404,0.28871857755977925,0.5730108916374377,33
306,0.652031120144987,0.07367370522113667,0.3204230550224603,0.9859339155632472,1.0,0.9331709704484012,0.041498140516634835,0.001721989398018373,0.5542035978391986,0.6588084469926284,0.4527767516315725,0.29290606325119184,0.4738401798487635,0.7248292412774598,33
307,0.72091998678295,0.08241411913016072,0.39109391146635175,0.9819998390147704,0.99825,0.8989582362263446,0.0702331892652528,0.004932696844384003,0.6292022866733099,0.6867989031729639,0.49067575148107107,0.2890586181427516,0.6257238231487159,0.7868192726601441,33
308,0.9969961250012516,0.5437545960710158,0.9554484678490835,0.91210206463557,0.97895,0.19497529598210125,0.12959593929038096,0.016795259637534345,0.12337022080033565,0.3185605925714896,0.10861689173473436,0.0969650171221379,0.02361128142244022,0.2723795458741001,34
309,0.9969760991679266,0.523442588507196,0.9551215808676212,0.9207852054573994,0.9807,0.1994150275006992,0.12009247160518645,0.014420915322916375,0.1068914879110505,0.2941348242583954,0.09270752096758746,0.08082320553280065,0.017195994277539338,0.2483441019014215,34
310,0.9979874037508386,0.5967538606996533,0.9637893582470424,0.9238036785124966,0.93684,0.16820872564556727,0.1003919991958991,0.010078682245843856,0.10839146168773273,0.30452619208717635,0.09932411169943492,0.09557845967904384,0.015834525512637098,0.2507845671035629,34
311,0.9996996125001252,0.8841264838743566,0.9924288757196786,0.8605767295850607,0.9,0.11016244057052298,0.18014373303849635,0.032449834864422315,0.06472439293019353,0.2374630533100673,0.0605672536222961,0.0572483717182569,0.00603719599427754,0.15443234262506925,34
312,0.9992790700003004,0.7914696921945582,0.9876942868591436,0.8861230732080333,0.95789,0.14137223827724435,0.1616443863704895,0.026127501318309237,0.061289138301777936,0.1952458958014316,0.04100480236424086,0.02899214396024978,0.01491484433544519,0.1867306627284475,34
313,0.9964053629181646,0.5450677592184053,0.9549739544888964,0.9270233831046004,0.99825,0.20906357788757335,0.08366167454015479,0.006998556798312564,0.10699113651859234,0.2551974644777608,0.06990381589568881,0.04250654669979185,0.057977382655494236,0.2640354439726786,34
314,0.9963352725015269,0.5639247820149175,0.9580002952527576,0.9315611542640964,0.99649,0.21250116528386315,0.1435872952055483,0.020615581027448586,0.09315046939738816,0.2478900324062533,0.06597709641669745,0.044077754649835495,0.04465903671912256,0.21863762230016615,34
315,0.9964654404181392,0.5473789263578106,0.9530864457894848,0.971455306475631,0.98947,0.23365106740001865,0.03881194089858278,0.0015063417612611364,0.11149105784863902,0.2862611730351483,0.08784221975947132,0.06435238031289868,0.03255160433272021,0.24517260476278385,34
316,0.9965855954180892,0.5583569702699864,0.9553324756943712,0.8941320883808912,0.95789,0.1860608744290109,0.12883706905216608,0.016598207099442146,0.07752661666754078,0.23295466685659344,0.058300154606028276,0.043077284630363255,0.0219241773962804,0.1926453756691896,34
317,0.996435401668152,0.5256329446370417,0.9524853955332476,0.9215800700285749,0.97719,0.1892887107299338,0.16649412001206151,0.027719186256279317,0.0905124036293072,0.25157935970941203,0.06794456074101438,0.049153964949976495,0.024373254308876626,0.2213254568949603,34
318,1.0,1.0,1.0,0.856240189962571,0.90702,0.10042765917777573,0.3671122725902101,0.13476867142183122,0.040994912676351816,0.1712510238239379,0.03156699366525742,0.025291076344591417,0.004401525989508822,0.12563780690419052,34
319,0.9120765787866348,0.13387960920264733,0.6438619060674442,0.979876846299352,0.99825,0.6504381467325441,0.0991054377324354,0.00982140379117982,0.5313893113756752,0.6061749937680282,0.3852563313220868,0.2505002350097361,0.3737993051297773,0.8804504338194573,35
320,0.9050775500395509,0.12911020065132892,0.6302591897420756,0.992172093210448,1.0,0.7158222242938379,0.033678259121519755,0.0011341761261136245,0.4668799496512298,0.5949218332680459,0.3714786082721066,0.24236218357617675,0.3290176442536957,0.6991692818903452,35
321,0.9087222517046991,0.1356234898623805,0.6579285910116625,0.9743329174548238,0.99825,0.6487601379696094,0.15938285254799478,0.025401737392800643,0.416358105627524,0.5773654784373775,0.3504357700885222,0.24885516685691264,0.23802030111042985,0.6258445634114824,35
322,0.9182645612840564,0.13918478831810066,0.6634645802138472,0.99099488871896,1.0,0.6750023305677263,0.034200924716051864,0.0011696733368488244,0.43104316358105627,0.6010113599943022,0.3788942248491565,0.28545961189820723,0.21800531371346826,0.6334502492154329,35
323,0.9177839412842568,0.14030360331967642,0.6677984689035578,0.9883285708536242,1.0,0.6015078773189148,0.08777264046637855,0.007703644084260775,0.543766717365081,0.6445639400306258,0.4340051170490771,0.2752467602229235,0.4840588595953402,0.7284474801550674,35
324,0.8953550079602688,0.12712995062506566,0.6255456903642155,0.9901295931098324,1.0,0.7084226717628413,0.08759674339129561,0.007673114817795788,0.5298159123092253,0.6676400413090702,0.464597955916759,0.32953400926609816,0.4016963008379317,0.6747277090640575,35
325,0.9396821900251324,0.15861960289946422,0.7097876289094628,0.9934096671630378,1.0,0.6203272117087721,0.038392300733742085,0.0014738697232938305,0.4001153825982063,0.6416082048360101,0.4301604892665106,0.40059088162223866,0.24610327678997204,0.459073287797674,35
326,0.8963362737931933,0.12540708057569072,0.612649471708459,0.9940435465046084,1.0,0.7438356483639414,0.039162729922605284,0.0015336793316866033,0.3830702260449992,0.5665752644136605,0.3377799668896824,0.2477909084804942,0.2865930921724913,0.5198449326195311,35
327,0.9182545483673941,0.13921630423363798,0.6681042664023452,0.9659315007848032,0.99298,0.6289270066188123,0.06061915770429189,0.0036747522966334547,0.5308123983846437,0.656422492076493,0.44960253936980943,0.30100382730141684,0.4819469991143812,0.6637991508214879,35
328,0.9265452433639396,0.14723185208530307,0.6868106375350612,0.9820099005916209,1.0,0.5641488766663559,0.077570610111569,0.006017040881463185,0.5189384800965018,0.6530394216730173,0.4451148599652479,0.3082018397905056,0.4529259486341031,0.6657928742846594,35
329,0.9197965375334182,0.1476730749028259,0.6823185777252885,0.9542701332152776,0.95614,0.5964621981914794,0.22633933058598854,0.05122672143432045,0.2168406146745686,0.4735230226843774,0.2377101889477213,0.23579198281071645,0.0644560256148239,0.3071183311796197,35
330,0.3914349510869021,0.05791049479987394,0.7734673218465952,0.7246548879140341,0.6947399999999999,0.2092150647897828,0.3823097798773745,0.14615192473148125,0.3105522630723239,0.5607706278266443,0.33106212973224425,0.320311555764453,0.08423938960419647,0.4446003322872438,36
331,0.4718486848033963,0.059612354238890636,0.8558006622097559,0.6632088380891055,0.4736800000000001,0.10951570802647526,0.4849331591114685,0.23514473647692266,0.5172182304505165,0.7500445140842562,0.5811818467895304,0.565634862015712,0.19790517065195176,0.5875207679527413,36
332,0.3691762373461766,0.0549217354764156,0.8132526309129636,0.7487121181631587,0.77368,0.2596019390323483,0.37786209669313503,0.1427798284810302,0.3906644988723973,0.6407535344182901,0.4290522513647744,0.4167729805949104,0.11816200013624906,0.4999446187926898,36
333,0.15005356910414433,0.05545750604055048,0.8196743783874981,0.7390630659636979,0.6631600000000001,0.19669991609956186,0.40411096592622375,0.16330382170908386,0.5451827765248859,0.6431394893344254,0.4321443719301126,0.2691365070838649,0.4876013352408202,0.7374930773490862,36
334,0.6815692242993462,0.06232797562769199,0.8303456566210431,0.7394856521914116,0.6,0.16347767316118206,0.3640918685295005,0.13255807499098,0.4865474379818535,0.657063494889783,0.4504508202328668,0.3643322366212314,0.20227195313032226,0.6855455048920067,36
335,0.3757046590101231,0.059969534614980564,0.8617689858067782,0.6893286915925465,0.58772,0.14592849818215714,0.4616544376319228,0.21312203380422412,0.6025069491792101,0.7428866493358498,0.5705783360013135,0.447995702679111,0.2794229852169766,0.7487908436403913,36
336,0.281002493216249,0.056986027944111776,0.7942193727987852,0.7259628929045759,0.71404,0.15948074951058075,0.3970047240928737,0.15761427659515415,0.7406513872135103,0.7773939674513015,0.6223645144960254,0.40294097898341497,0.5161795762654132,0.8882776444526491,36
337,0.35389652651920983,0.05425464859754176,0.8240399013012211,0.7117257616613676,0.61579,0.15734828004101795,0.4511156900190974,0.20349143792845048,0.5122095767556512,0.7372600690858588,0.5623418024600145,0.5412945679178137,0.1542611894543225,0.6252538305335057,36
338,0.6006548447497271,0.06002206114087615,0.7542864373536917,0.6650802913832656,0.47544,0.18349724993008296,0.5697557543471706,0.3246371180372457,0.2642733518644779,0.4837790676970194,0.24793060515262216,0.20781575236688374,0.09010831800531373,0.4255491969724941,36
339,0.4725596018864335,0.057259165878768774,0.9006158128941097,0.539280396023665,0.39649,0.09133028805817096,0.6647401748919489,0.4418417473841969,0.4300991241411864,0.6688508244008404,0.4661987439970447,0.4527966158597999,0.11191157435792627,0.576813734539413,36
